2026-03-01 09:47:54,807 | INFO | 📡 DNS is healthy for wild-water-d6ec.hakimkhan01h2.workers.dev
2026-03-01 09:47:54,810 | INFO | 🖥️ Headless Mode: Streamlit not detected. Running as script.
2026-03-01 09:48:04,812 | INFO | 🚀 Resilience Engine Active
2026-03-01 09:48:04,814 | INFO | 🛠️ Bridge Security Audit...
2026-03-01 09:48:04,815 | INFO | 🔗 Testing connection: https://wild-water-d6ec.hakimkhan01h2.workers.dev/bot8306899550:AAF--2j7HyZV_pMBKvfFAK_v9eSAcy5DbiQ/getMe
2026-03-01 09:48:06,886 | INFO | ✅ Connection Established: @asd3dfghhb_bot
2026-03-01 09:48:06,891 | INFO | 🔍 Scraper Cycle Starting...
2026-03-01 09:48:06,893 | INFO | 🌐 Layer 1 (Bridge): https://wild-water-d6ec.hakimkhan01h2.workers.dev/?url=https://www.amazon.in/deals
2026-03-01 09:48:08,845 | INFO | 📦 Fetch (1): https://wild-water-d6ec.hakimkhan01h2.workers.dev/?url=https://www.amazon.in/dp/B0GF22T5WM
2026-03-01 09:48:12,649 | INFO | ✅ SUCCESS: Deal B0GF22T5WM reached channel.
2026-03-01 10:18:13,520 | INFO | 🔍 Scraper Cycle Starting...
2026-03-01 10:18:13,540 | INFO | 🌐 Layer 1 (Bridge): https://wild-water-d6ec.hakimkhan01h2.workers.dev/?url=https://www.amazon.in/deals
2026-03-01 10:18:17,904 | INFO | 📦 Fetch (1): https://wild-water-d6ec.hakimkhan01h2.workers.dev/?url=https://www.amazon.in/dp/B0F67G7R9M
2026-03-01 10:18:23,000 | INFO | ✅ SUCCESS: Deal B0F67G7R9M reached channel.
2026-03-01 10:57:17,711 | INFO | 📡 DNS is healthy for wild-water-d6ec.hakimkhan01h2.workers.dev
2026-03-01 10:57:17,713 | INFO | 🖥️ Headless Mode: Running as script.
2026-03-01 10:57:27,715 | INFO | 🚀 Resilience Engine Elite Active
2026-03-01 10:57:27,716 | INFO | 🛠️ Bridge Security Audit...
2026-03-01 10:57:29,025 | INFO | ✅ Connection Established: @asd3dfghhb_bot
2026-03-01 10:57:29,031 | INFO | 🔍 Scraper Cycle Starting...
2026-03-01 10:57:29,032 | INFO | 🌐 Layer: Bridge-Relay -> https://www.amazon.in/deals
2026-03-01 10:57:35,753 | INFO | ✅ Deal B0GF29GBSQ posted successfully.
2026-03-01 10:58:36,212 | INFO | 🔍 Scraper Cycle Starting...
2026-03-01 10:58:36,266 | INFO | 🌐 Layer: Bridge-Relay -> https://www.amazon.in/deals
2026-03-01 10:58:52,111 | INFO | ✅ Deal B0FM38SKN8 posted successfully.
2026-03-01 10:59:53,238 | INFO | 🔍 Scraper Cycle Starting...
2026-03-01 10:59:53,306 | INFO | 🌐 Layer: Bridge-Relay -> https://www.amazon.in/deals
2026-03-01 11:00:00,118 | INFO | ✅ Deal B0FDQTLSFT posted successfully.
2026-03-01 11:05:14,812 | INFO | 📡 DNS stands for wild-water-d6ec.hakimkhan01h2.workers.dev
2026-03-01 11:05:14,814 | INFO | 🖥️ Headless Mode Active.
2026-03-01 11:05:24,815 | INFO | 🚀 Ultra Engine Booted
2026-03-01 11:05:24,816 | INFO | 🛠️ Bridge Security Audit...
2026-03-01 11:05:26,087 | INFO | ✅ Connection Verified: @asd3dfghhb_bot
2026-03-01 11:05:26,090 | INFO | 🔍 Scraper Cycle Start...
2026-03-01 11:05:34,299 | INFO | ✅ Deal B0FM38SKN8 posted.
2026-03-01 11:06:35,087 | INFO | 🔍 Scraper Cycle Start...
2026-03-01 11:06:45,318 | INFO | ✅ Deal B0FDQTLSFT posted.
2026-03-01 11:09:04,567 | INFO | 📡 DNS stands for wild-water-d6ec.hakimkhan01h2.workers.dev
2026-03-01 11:09:04,569 | INFO | 🖥️ Headless Mode Active.
2026-03-01 11:09:14,569 | INFO | 🚀 Ultra Engine Booted
2026-03-01 11:09:14,571 | INFO | 🛠️ Bridge Security Audit...
2026-03-01 11:09:15,730 | INFO | ✅ Connection Verified: @asd3dfghhb_bot
2026-03-01 11:09:15,734 | INFO | 🔍 Scraper Cycle Start...
2026-03-01 11:09:17,330 | INFO | 📦 Checking Price: B0FB2WB5F3
2026-03-01 11:09:22,453 | INFO | ⏭️ Skip High Price: B0FB2WB5F3 (₹59990 > ₹1000.0)
2026-03-01 11:09:23,539 | INFO | 📦 Checking Price: B0FHWLQCGH
2026-03-01 11:09:25,246 | INFO | ⏭️ Skip High Price: B0FHWLQCGH (₹45999 > ₹1000.0)
2026-03-01 11:09:29,079 | INFO | ⏭️ Skip High Price: B0FHWLQCGH (₹45999 > ₹1000.0)
2026-03-01 11:09:30,080 | INFO | 📦 Checking Price: B0G8XX9J7C
2026-03-01 11:09:32,604 | INFO | ⏭️ Skip High Price: B0G8XX9J7C (₹34999 > ₹1000.0)
2026-03-01 11:09:36,213 | INFO | ⏭️ Skip High Price: B0G8XX9J7C (₹34999 > ₹1000.0)
2026-03-01 11:09:37,216 | INFO | 📦 Checking Price: B0CWPBBQ3M
2026-03-01 11:09:41,153 | INFO | ⏭️ Skip High Price: B0CWPBBQ3M (₹27999 > ₹1000.0)
2026-03-01 11:09:42,154 | INFO | 📦 Checking Price: B0DQTBQV3C
2026-03-01 11:09:46,341 | INFO | ⏭️ Skip High Price: B0DQTBQV3C (₹32690 > ₹1000.0)
2026-03-01 11:09:47,342 | INFO | 📦 Checking Price: B0CCY3HLCV
2026-03-01 11:09:51,296 | INFO | ⏭️ Skip High Price: B0CCY3HLCV (₹30990 > ₹1000.0)
2026-03-01 11:09:52,297 | INFO | 📦 Checking Price: B0F2TG23JJ
2026-03-01 11:09:56,393 | INFO | ⏭️ Skip High Price: B0F2TG23JJ (₹33540 > ₹1000.0)
2026-03-01 11:09:57,394 | INFO | 📦 Checking Price: B0FM38SKN8
2026-03-01 11:10:01,181 | INFO | ⏭️ Skip High Price: B0FM38SKN8 (₹89990 > ₹1000.0)
2026-03-01 11:10:02,183 | INFO | 📦 Checking Price: B0FDQTLSFT
2026-03-01 11:10:04,781 | INFO | ⏭️ Skip High Price: B0FDQTLSFT (₹26999 > ₹1000.0)
2026-03-01 11:10:08,543 | INFO | ⏭️ Skip High Price: B0FDQTLSFT (₹26999 > ₹1000.0)
2026-03-01 11:10:09,545 | INFO | 📦 Checking Price: B0FCMKNCJ4
2026-03-01 11:10:14,283 | INFO | ⏭️ Skip High Price: B0FCMKNCJ4 (₹26997 > ₹1000.0)
2026-03-01 11:10:17,822 | INFO | ⏭️ Skip High Price: B0FCMKNCJ4 (₹26997 > ₹1000.0)
2026-03-01 11:10:18,823 | WARNING | 📉 No deals found within budget (₹1000.0) in this pass.
2026-03-01 11:11:55,649 | INFO | 📡 DNS stands for wild-water-d6ec.hakimkhan01h2.workers.dev
2026-03-01 11:11:55,650 | INFO | 🖥️ Headless Mode Active.
2026-03-01 11:12:05,716 | INFO | 🚀 Ultra Engine Booted
2026-03-01 11:12:05,944 | INFO | 🛠️ Bridge Security Audit...
2026-03-01 11:12:06,708 | INFO | ✅ Connection Verified: @asd3dfghhb_bot
2026-03-01 11:12:06,712 | INFO | 🔍 Scraper Cycle Start...
2026-03-01 11:12:08,014 | INFO | 📦 Checking Price: B0G8XX9J7C
2026-03-01 11:12:11,533 | ERROR | Cycle Fatal: cannot access local variable 'disc' where it is not associated with a value
2026-03-01 11:13:11,545 | INFO | 🔍 Scraper Cycle Start...
2026-03-01 11:13:13,220 | INFO | 📦 Checking Price: B0FMDL81GS
2026-03-01 11:13:20,363 | ERROR | Cycle Fatal: cannot access local variable 'disc' where it is not associated with a value
2026-03-01 11:14:21,369 | INFO | 🔍 Scraper Cycle Start...
2026-03-01 11:14:23,083 | INFO | 📦 Checking Price: B0FM3C4L2F
2026-03-01 11:14:27,151 | ERROR | Cycle Fatal: cannot access local variable 'disc' where it is not associated with a value
2026-03-01 11:15:04,944 | INFO | 📡 DNS stands for wild-water-d6ec.hakimkhan01h2.workers.dev
2026-03-01 11:15:04,947 | INFO | 🖥️ Headless Mode Active.
2026-03-01 11:15:14,948 | INFO | 🚀 Ultra Engine Booted
2026-03-01 11:15:14,952 | INFO | 🛠️ Bridge Security Audit...
2026-03-01 11:15:16,079 | INFO | ✅ Connection Verified: @asd3dfghhb_bot
2026-03-01 11:15:16,087 | INFO | 🔍 Scraper Cycle Start...
2026-03-01 11:15:18,085 | INFO | 📦 Checking Price: B0FM3C4L2F
2026-03-01 11:15:22,048 | INFO | ⏭️ Skip Deal: B0FM3C4L2F (Price: ₹66990, Discount: 20%) - Budget: ₹1000.0, Min Disc: 50.0%
2026-03-01 11:15:23,050 | INFO | 📦 Checking Price: B0FL2D9SLV
2026-03-01 11:15:28,354 | INFO | ⏭️ Skip Deal: B0FL2D9SLV (Price: ₹29999, Discount: 66%) - Budget: ₹1000.0, Min Disc: 50.0%
2026-03-01 11:15:29,356 | INFO | 📦 Checking Price: B0DBVY2QJM
2026-03-01 11:15:32,074 | INFO | ⏭️ Skip Deal: B0DBVY2QJM (Price: ₹2217, Discount: 0%) - Budget: ₹1000.0, Min Disc: 50.0%
2026-03-01 11:15:35,679 | INFO | ⏭️ Skip Deal: B0DBVY2QJM (Price: ₹2217, Discount: 0%) - Budget: ₹1000.0, Min Disc: 50.0%
2026-03-01 11:15:36,680 | INFO | 📦 Checking Price: B0FCMKNCJ4
2026-03-01 11:15:40,982 | INFO | ⏭️ Skip Deal: B0FCMKNCJ4 (Price: ₹26997, Discount: 0%) - Budget: ₹1000.0, Min Disc: 50.0%
2026-03-01 11:15:44,916 | INFO | ⏭️ Skip Deal: B0FCMKNCJ4 (Price: ₹26997, Discount: 12%) - Budget: ₹1000.0, Min Disc: 50.0%
2026-03-01 11:15:45,917 | INFO | 📦 Checking Price: B0DPHTSTYJ
2026-03-01 11:15:48,754 | INFO | ⏭️ Skip Deal: B0DPHTSTYJ (Price: ₹19990, Discount: 31%) - Budget: ₹1000.0, Min Disc: 50.0%
2026-03-01 11:15:52,557 | INFO | ⏭️ Skip Deal: B0DPHTSTYJ (Price: ₹19990, Discount: 31%) - Budget: ₹1000.0, Min Disc: 50.0%
2026-03-01 11:15:53,559 | INFO | 📦 Checking Price: B0C2TPHG6Q
2026-03-01 11:16:00,825 | INFO | ⏭️ Skip Deal: B0C2TPHG6Q (Price: ₹25490, Discount: 37%) - Budget: ₹1000.0, Min Disc: 50.0%
2026-03-01 11:16:04,849 | INFO | ⏭️ Skip Deal: B0C2TPHG6Q (Price: ₹25490, Discount: 37%) - Budget: ₹1000.0, Min Disc: 50.0%
2026-03-01 11:16:05,851 | INFO | 📦 Checking Price: B0CWPBBQ3M
2026-03-01 11:16:09,987 | INFO | ⏭️ Skip Deal: B0CWPBBQ3M (Price: ₹27999, Discount: 39%) - Budget: ₹1000.0, Min Disc: 50.0%
2026-03-01 11:16:10,988 | INFO | 📦 Checking Price: B0BXB2Q5TT
2026-03-01 11:16:13,502 | INFO | ⏭️ Skip Deal: B0BXB2Q5TT (Price: ₹5219, Discount: 76%) - Budget: ₹1000.0, Min Disc: 50.0%
2026-03-01 11:16:17,451 | INFO | ⏭️ Skip Deal: B0BXB2Q5TT (Price: ₹5219, Discount: 76%) - Budget: ₹1000.0, Min Disc: 50.0%
2026-03-01 11:16:18,452 | INFO | 📦 Checking Price: B0FT8HVP1D
2026-03-01 11:16:24,696 | INFO | ⏭️ Skip Deal: B0FT8HVP1D (Price: ₹40990, Discount: 0%) - Budget: ₹1000.0, Min Disc: 50.0%
2026-03-01 11:16:28,185 | INFO | ⏭️ Skip Deal: B0FT8HVP1D (Price: ₹40990, Discount: 45%) - Budget: ₹1000.0, Min Disc: 50.0%
2026-03-01 11:16:29,186 | INFO | 📦 Checking Price: B0G4CHKBGP
2026-03-01 11:16:34,422 | INFO | ⏭️ Skip Deal: B0G4CHKBGP (Price: ₹18199, Discount: 32%) - Budget: ₹1000.0, Min Disc: 50.0%
2026-03-01 11:16:38,148 | INFO | ⏭️ Skip Deal: B0G4CHKBGP (Price: ₹18199, Discount: 32%) - Budget: ₹1000.0, Min Disc: 50.0%
2026-03-01 11:16:39,150 | WARNING | 📉 No deals found within budget (₹1000.0) in this pass.
2026-03-01 11:17:39,284 | INFO | 🔍 Scraper Cycle Start...
2026-03-01 11:17:40,769 | INFO | 📦 Checking Price: B0FB2WB5F3
2026-03-01 11:17:45,044 | INFO | ⏭️ Skip Deal: B0FB2WB5F3 (Price: ₹59990, Discount: 43%) - Budget: ₹1000.0, Min Disc: 50.0%
2026-03-01 11:17:48,797 | INFO | ⏭️ Skip Deal: B0FB2WB5F3 (Price: ₹59990, Discount: 43%) - Budget: ₹1000.0, Min Disc: 50.0%
2026-03-01 11:17:49,798 | INFO | 📦 Checking Price: B0C2TPHG6Q
2026-03-01 11:17:57,791 | INFO | ⏭️ Skip Deal: B0C2TPHG6Q (Price: ₹25490, Discount: 37%) - Budget: ₹1000.0, Min Disc: 50.0%
2026-03-01 11:19:26,491 | INFO | 📡 DNS stands for wild-water-d6ec.hakimkhan01h2.workers.dev
2026-03-01 11:19:26,527 | INFO | 🖥️ Headless Mode Active.
2026-03-01 11:19:36,528 | INFO | 🚀 Ultra Engine Booted
2026-03-01 11:19:36,529 | INFO | 🛠️ Bridge Security Audit...
2026-03-01 11:19:37,688 | INFO | ✅ Connection Verified: @asd3dfghhb_bot
2026-03-01 11:19:37,693 | INFO | 🔍 Scraper Cycle Start...
2026-03-01 11:19:39,226 | INFO | 📦 Checking Price: B0FB2WB5F3
2026-03-01 11:19:43,205 | INFO | ⏭️ Skip Deal: B0FB2WB5F3 (Discount: 43% < 50.0%)
2026-03-01 11:19:46,935 | INFO | ⏭️ Skip Deal: B0FB2WB5F3 (Discount: 43% < 50.0%)
2026-03-01 11:19:47,936 | INFO | 📦 Checking Price: B0FT8HVP1D
2026-03-01 11:19:51,729 | INFO | ⏭️ Skip Deal: B0FT8HVP1D (Discount: 45% < 50.0%)
2026-03-01 11:19:52,731 | INFO | 📦 Checking Price: B0G8XX9J7C
2026-03-01 11:19:56,396 | INFO | ⏭️ Skip Deal: B0G8XX9J7C (Discount: 18% < 50.0%)
2026-03-01 11:19:57,398 | INFO | 📦 Checking Price: B0DQTBQV3C
2026-03-01 11:20:00,256 | INFO | ⏭️ Skip Deal: B0DQTBQV3C (Discount: 48% < 50.0%)
2026-03-01 11:20:04,508 | INFO | ⏭️ Skip Deal: B0DQTBQV3C (Discount: 48% < 50.0%)
2026-03-01 11:20:05,509 | INFO | 📦 Checking Price: B0B296BHW8
2026-03-01 11:20:11,166 | INFO | ✅ Deal B0B296BHW8 posted.
2026-03-01 11:21:11,453 | INFO | 🔍 Scraper Cycle Start...
2026-03-01 11:21:12,797 | INFO | 📦 Checking Price: B0FZSKTV1S
2026-03-01 11:21:15,512 | INFO | ⏭️ Skip Deal: B0FZSKTV1S (Discount: 11% < 50.0%)
2026-03-01 11:21:19,169 | INFO | ⏭️ Skip Deal: B0FZSKTV1S (Discount: 11% < 50.0%)
2026-03-01 11:21:20,171 | INFO | 📦 Checking Price: B0FB2WB5F3
2026-03-01 11:21:24,089 | INFO | ⏭️ Skip Deal: B0FB2WB5F3 (Discount: 43% < 50.0%)
2026-03-01 11:21:25,090 | INFO | 📦 Checking Price: B0FMDL81GS
2026-03-01 11:21:29,498 | INFO | ⏭️ Skip Deal: B0FMDL81GS (Discount: 0% < 50.0%)
2026-03-01 11:21:30,501 | INFO | 📦 Checking Price: B0G8XX9J7C
2026-03-01 11:21:34,708 | INFO | ⏭️ Skip Deal: B0G8XX9J7C (Discount: 18% < 50.0%)
2026-03-01 11:21:35,709 | INFO | 📦 Checking Price: B0DTV7VK2T
2026-03-01 11:21:38,541 | INFO | ⏭️ Skip Deal: B0DTV7VK2T (Discount: 48% < 50.0%)
2026-03-01 11:21:42,172 | INFO | ⏭️ Skip Deal: B0DTV7VK2T (Discount: 48% < 50.0%)
2026-03-01 11:21:43,173 | INFO | 📦 Checking Price: B0DQTDJ5MD
2026-03-01 11:21:46,105 | INFO | ⏭️ Skip Deal: B0DQTDJ5MD (Discount: 46% < 50.0%)
2026-03-01 11:21:50,297 | INFO | ⏭️ Skip Deal: B0DQTDJ5MD (Discount: 46% < 50.0%)
2026-03-01 11:21:51,303 | INFO | 📦 Checking Price: B0D2V185XP
2026-03-01 11:21:59,005 | INFO | ⏭️ Skip Deal: B0D2V185XP (Discount: 0% < 50.0%)
2026-03-01 11:22:00,039 | INFO | 📦 Checking Price: B0F6CXR97M
2026-03-01 11:22:05,414 | INFO | ⏭️ Skip Deal: B0F6CXR97M (Discount: 34% < 50.0%)
2026-03-01 11:22:06,417 | INFO | 📦 Checking Price: B0CWPD9PTK
2026-03-01 11:22:26,815 | INFO | 📡 DNS stands for wild-water-d6ec.hakimkhan01h2.workers.dev
2026-03-01 11:22:27,249 | INFO | 🖥️ Headless Mode Active.
2026-03-01 11:22:37,252 | INFO | 🚀 Ultra Engine Booted
2026-03-01 11:22:37,253 | INFO | 🛠️ Bridge Security Audit...
2026-03-01 11:22:38,378 | INFO | ✅ Connection Verified: @asd3dfghhb_bot
2026-03-01 11:22:38,381 | INFO | 🔍 Scraper Cycle Start...
2026-03-01 11:22:39,943 | INFO | 📦 Checking Price: B0G4CHKBGP
2026-03-01 11:22:45,686 | INFO | ⏭️ Skip Deal: B0G4CHKBGP (Discount: 32% < 50.0%)
2026-03-01 11:22:49,491 | INFO | ⏭️ Skip Deal: B0G4CHKBGP (Discount: 32% < 50.0%)
2026-03-01 11:22:50,491 | INFO | 📦 Checking Price: B0FB2WB5F3
2026-03-01 11:22:52,165 | INFO | ⏭️ Skip Deal: B0FB2WB5F3 (Discount: 43% < 50.0%)
2026-03-01 11:22:55,908 | INFO | ⏭️ Skip Deal: B0FB2WB5F3 (Discount: 43% < 50.0%)
2026-03-01 11:22:56,910 | INFO | 📦 Checking Price: B0DSBRDRDV
2026-03-01 11:24:39,299 | INFO | 📡 DNS stands for wild-water-d6ec.hakimkhan01h2.workers.dev
2026-03-01 11:24:39,301 | INFO | 🖥️ Headless Mode Active.
2026-03-01 11:24:49,302 | INFO | 🚀 Ultra Engine Booted
2026-03-01 11:24:49,303 | INFO | 🛠️ Bridge Security Audit...
2026-03-01 11:24:50,568 | INFO | ✅ Connection Verified: @asd3dfghhb_bot
2026-03-01 11:24:50,572 | INFO | 🔍 Scraper Cycle Start...
2026-03-01 11:24:51,908 | INFO | 📦 Checking Price: B0FTR2PJTV
2026-03-01 11:24:55,713 | INFO | ⏭️ Skip Deal: B0FTR2PJTV (Discount: 17% < 40.0%)
2026-03-01 11:24:56,715 | INFO | 📦 Checking Price: B0GF24NXX8
2026-03-01 11:25:02,270 | INFO | ⏭️ Skip Deal: B0GF24NXX8 (Discount: 0% < 40.0%)
2026-03-01 11:25:05,990 | INFO | ⏭️ Skip Deal: B0GF24NXX8 (Discount: 5% < 40.0%)
2026-03-01 11:25:06,992 | INFO | 📦 Checking Price: B0FDQTLSFT
2026-03-01 11:25:08,521 | INFO | ⏭️ Skip Deal: B0FDQTLSFT (Discount: 24% < 40.0%)
2026-03-01 11:25:12,190 | INFO | ⏭️ Skip Deal: B0FDQTLSFT (Discount: 24% < 40.0%)
2026-03-01 11:25:13,191 | INFO | 📦 Checking Price: B0DSBRDRDV
2026-03-01 11:25:17,746 | INFO | ⏭️ Skip Deal: B0DSBRDRDV (Discount: 0% < 40.0%)
2026-03-01 11:25:21,304 | INFO | ⏭️ Skip Deal: B0DSBRDRDV (Discount: 23% < 40.0%)
2026-03-01 11:25:22,305 | INFO | 📦 Checking Price: B0C2TPHG6Q
2026-03-01 11:25:26,385 | INFO | ⏭️ Skip Deal: B0C2TPHG6Q (Discount: 37% < 40.0%)
2026-03-01 11:25:27,387 | INFO | 📦 Checking Price: B0G8XX9J7C
2026-03-01 11:25:30,555 | INFO | ⏭️ Skip Deal: B0G8XX9J7C (Discount: 0% < 40.0%)
2026-03-01 11:25:35,239 | INFO | ⏭️ Skip Deal: B0G8XX9J7C (Discount: 18% < 40.0%)
2026-03-01 11:25:36,240 | INFO | 📦 Checking Price: B0FT8HVP1D
2026-03-01 11:25:40,589 | INFO | ✅ Deal B0FT8HVP1D posted.
2026-03-01 11:26:39,020 | INFO | 📡 DNS stands for wild-water-d6ec.hakimkhan01h2.workers.dev
2026-03-01 11:26:39,021 | INFO | 🖥️ Headless Mode Active.
2026-03-01 11:26:49,022 | INFO | 🚀 Ultra Engine Booted
2026-03-01 11:26:49,023 | INFO | 🛠️ Bridge Security Audit...
2026-03-01 11:26:50,104 | INFO | ✅ Connection Verified: @asd3dfghhb_bot
2026-03-01 11:26:50,106 | INFO | 🔍 Scraper Cycle Start...
2026-03-01 11:26:51,421 | INFO | 📦 Checking Price: B0FTR2PJTV
2026-03-01 11:26:55,134 | INFO | ⏭️ Skip Deal: B0FTR2PJTV (Discount: 17% < 40.0%)
2026-03-01 11:26:56,134 | INFO | 📦 Checking Price: B0FM3C4L2F
2026-03-01 11:27:00,091 | INFO | ⏭️ Skip Deal: B0FM3C4L2F (Discount: 20% < 40.0%)
2026-03-01 11:27:01,092 | INFO | 📦 Checking Price: B0FB2WB5F3
2026-03-01 11:27:06,607 | INFO | ✅ Deal B0FB2WB5F3 posted.
2026-03-01 11:28:06,909 | INFO | 🔍 Scraper Cycle Start...
2026-03-01 11:28:08,589 | INFO | 📦 Checking Price: B0DQTBQV3C
2026-03-01 11:28:10,413 | INFO | ⏭️ Skip Deal: B0DQTBQV3C (Discount: 0% < 40.0%)
2026-03-01 11:28:15,646 | INFO | ✅ Deal B0DQTBQV3C posted.
2026-03-01 11:28:58,420 | INFO | 📡 DNS stands for wild-water-d6ec.hakimkhan01h2.workers.dev
2026-03-01 11:28:58,422 | INFO | 🖥️ Headless Mode Active.
2026-03-01 11:29:08,427 | INFO | 🚀 Ultra Engine Booted
2026-03-01 11:29:08,429 | INFO | 🛠️ Bridge Security Audit...
2026-03-01 11:29:09,519 | INFO | ✅ Connection Verified: @asd3dfghhb_bot
2026-03-01 11:29:09,636 | INFO | 🔍 Scraper Cycle Start...
2026-03-01 11:29:11,281 | INFO | 📦 Checking Price: B0D8G9J1P5
2026-03-01 11:29:16,903 | INFO | ✅ Deal B0D8G9J1P5 posted.
2026-03-01 11:30:17,367 | INFO | 🔍 Scraper Cycle Start...
2026-03-01 11:30:18,854 | INFO | 📦 Checking Price: B0DQTDJ5MD
2026-03-01 11:30:20,517 | INFO | ⏭️ Skip Deal: B0DQTDJ5MD (Discount: 0% < 40.0%)
2026-03-01 11:30:25,731 | INFO | ✅ Deal B0DQTDJ5MD posted.
2026-03-01 11:31:05,489 | INFO | 📡 DNS stands for wild-water-d6ec.hakimkhan01h2.workers.dev
2026-03-01 11:31:05,490 | INFO | 🖥️ Headless Mode Active.
2026-03-01 11:31:15,491 | INFO | 🚀 Ultra Engine Booted
2026-03-01 11:31:15,492 | INFO | 🛠️ Bridge Security Audit...
2026-03-01 11:31:15,933 | INFO | ✅ Connection Verified: @asd3dfghhb_bot
2026-03-01 11:31:15,937 | INFO | 🔍 Scraper Cycle Start...
2026-03-01 11:31:17,551 | INFO | 📦 Checking Price: B0G4CHKBGP
2026-03-01 11:31:20,193 | INFO | ⏭️ Skip Deal: B0G4CHKBGP (Discount: 32% < 40.0%)
2026-03-01 11:31:24,396 | INFO | ⏭️ Skip Deal: B0G4CHKBGP (Discount: 32% < 40.0%)
2026-03-01 11:31:25,398 | INFO | 📦 Checking Price: B0GF23R9B6
2026-03-01 11:31:30,481 | INFO | ⏭️ Skip Deal: B0GF23R9B6 (Discount: 0% < 40.0%)
2026-03-01 11:31:34,120 | INFO | ⏭️ Skip Deal: B0GF23R9B6 (Discount: 8% < 40.0%)
2026-03-01 11:31:35,121 | INFO | 📦 Checking Price: B0GF24NXX8
2026-03-01 11:31:40,323 | INFO | ⏭️ Skip Deal: B0GF24NXX8 (Discount: 0% < 40.0%)
2026-03-01 11:31:43,968 | INFO | ⏭️ Skip Deal: B0GF24NXX8 (Discount: 5% < 40.0%)
2026-03-01 11:31:44,969 | INFO | 📦 Checking Price: B0FDQTLSFT
2026-03-01 11:31:47,471 | INFO | ⏭️ Skip Deal: B0FDQTLSFT (Discount: 24% < 40.0%)
2026-03-01 11:31:51,448 | INFO | ⏭️ Skip Deal: B0FDQTLSFT (Discount: 24% < 40.0%)
2026-03-01 11:31:52,449 | INFO | 📦 Checking Price: B0D2V185XP
2026-03-01 11:31:55,723 | INFO | ⏭️ Skip Deal: B0D2V185XP (Discount: 0% < 40.0%)
2026-03-01 11:32:00,528 | INFO | ✅ Deal B0D2V185XP posted.
2026-03-01 11:33:12,072 | INFO | 📡 DNS stands for wild-water-d6ec.hakimkhan01h2.workers.dev
2026-03-01 11:33:12,073 | INFO | 🖥️ Headless Mode Active.
2026-03-01 11:33:22,074 | INFO | 🚀 Ultra Engine Booted
2026-03-01 11:33:22,075 | INFO | 🛠️ Bridge Security Audit...
2026-03-01 11:33:22,578 | INFO | ✅ Connection Verified: @asd3dfghhb_bot
2026-03-01 11:33:22,583 | INFO | 🔍 Scraper Cycle Start...
2026-03-01 11:33:23,998 | INFO | 📦 Checking Price: B0DPHTSTYJ
2026-03-01 11:33:26,651 | INFO | ⏭️ Skip Deal: B0DPHTSTYJ (Discount: 31% < 40.0%)
2026-03-01 11:33:30,291 | INFO | ⏭️ Skip Deal: B0DPHTSTYJ (Discount: 31% < 40.0%)
2026-03-01 11:33:31,291 | INFO | 📦 Checking Price: B0FTR2PJTV
2026-03-01 11:33:33,830 | INFO | ⏭️ Skip Deal: B0FTR2PJTV (Discount: 17% < 40.0%)
2026-03-01 11:33:37,258 | INFO | ⏭️ Skip Deal: B0FTR2PJTV (Discount: 17% < 40.0%)
2026-03-01 11:33:38,259 | INFO | 📦 Checking Price: B0FDQTLSFT
2026-03-01 11:33:39,712 | INFO | ⏭️ Skip Deal: B0FDQTLSFT (Discount: 24% < 40.0%)
2026-03-01 11:33:43,924 | INFO | ⏭️ Skip Deal: B0FDQTLSFT (Discount: 24% < 40.0%)
2026-03-01 11:33:44,925 | INFO | 📦 Checking Price: B0G5G25YBQ
2026-03-01 11:33:49,638 | INFO | ⏭️ Skip Deal: B0G5G25YBQ (Discount: 0% < 40.0%)
2026-03-01 11:33:53,309 | INFO | ⏭️ Skip Deal: B0G5G25YBQ (Discount: 13% < 40.0%)
2026-03-01 11:33:54,310 | INFO | 📦 Checking Price: B0GGPD93C1
2026-03-01 11:34:09,255 | INFO | 📡 DNS stands for wild-water-d6ec.hakimkhan01h2.workers.dev
2026-03-01 11:34:09,257 | INFO | 🖥️ Headless Mode Active.
2026-03-01 11:34:19,258 | INFO | 🚀 Ultra Engine Booted
2026-03-01 11:34:19,259 | INFO | 🛠️ Bridge Security Audit...
2026-03-01 11:34:20,000 | INFO | ✅ Connection Verified: @asd3dfghhb_bot
2026-03-01 11:34:20,004 | INFO | 🔍 Scraper Cycle Start...
2026-03-01 11:34:21,482 | INFO | 📦 Checking Price: B0FTR2PJTV
2026-03-01 11:34:26,494 | INFO | ⏭️ Skip Deal: B0FTR2PJTV (Discount: 0% < 40.0%)
2026-03-01 11:34:30,201 | INFO | ⏭️ Skip Deal: B0FTR2PJTV (Discount: 17% < 40.0%)
2026-03-01 11:34:31,202 | INFO | 📦 Checking Price: B0FMDL81GS
2026-03-01 11:34:35,094 | INFO | ⏭️ Skip Deal: B0FMDL81GS (Discount: 0% < 40.0%)
2026-03-01 11:34:36,096 | INFO | 📦 Checking Price: B0GF24NXX8
2026-03-01 11:34:38,700 | INFO | ⏭️ Skip Deal: B0GF24NXX8 (Discount: 5% < 40.0%)
2026-03-01 11:34:42,418 | INFO | ⏭️ Skip Deal: B0GF24NXX8 (Discount: 5% < 40.0%)
2026-03-01 11:34:43,640 | INFO | 📦 Checking Price: B0FDQTLSFT
2026-03-01 11:34:47,252 | INFO | ⏭️ Skip Deal: B0FDQTLSFT (Discount: 24% < 40.0%)
2026-03-01 11:34:51,008 | INFO | ⏭️ Skip Deal: B0FDQTLSFT (Discount: 24% < 40.0%)
2026-03-01 11:34:52,009 | INFO | 📦 Checking Price: B0DTV7VK2T
2026-03-01 11:34:56,733 | INFO | ✅ Deal B0DTV7VK2T posted.
2026-03-01 11:35:57,173 | INFO | 🔍 Scraper Cycle Start...
2026-03-01 11:35:58,557 | INFO | 📦 Checking Price: B0GF24NXX8
2026-03-01 11:37:09,921 | INFO | 📡 DNS stands for wild-water-d6ec.hakimkhan01h2.workers.dev
2026-03-01 11:37:09,923 | INFO | 🖥️ Headless Mode Active.
2026-03-01 11:37:20,007 | INFO | 🚀 Ultra Engine Booted
2026-03-01 11:37:20,010 | INFO | 🛠️ Bridge Security Audit...
2026-03-01 11:37:21,441 | INFO | ✅ Connection Verified: @asd3dfghhb_bot
2026-03-01 11:37:21,445 | INFO | 🔍 Scraper Cycle Start...
2026-03-01 11:37:29,588 | INFO | ✅ Deal B0F6CXR97M posted.
2026-03-01 11:38:30,556 | INFO | 🔍 Scraper Cycle Start...
2026-03-01 11:38:38,412 | INFO | ✅ Deal B0FDQTLSFT posted.
2026-03-01 11:41:48,509 | INFO | 📡 DNS stands for wild-water-d6ec.hakimkhan01h2.workers.dev
2026-03-01 11:41:48,511 | INFO | 🖥️ Headless Mode Active.
2026-03-01 11:41:58,512 | INFO | 🚀 Ultra Engine Booted
2026-03-01 11:41:58,513 | INFO | 🛠️ Bridge Security Audit...
2026-03-01 11:41:59,806 | INFO | ✅ Connection Verified: @asd3dfghhb_bot
2026-03-01 11:41:59,812 | INFO | 🔍 Scraper Cycle Start...
2026-03-01 11:42:05,659 | INFO | ✅ Deal B0GF24NXX8 posted.
2026-03-01 11:43:06,313 | INFO | 🔍 Scraper Cycle Start...
2026-03-01 11:43:42,244 | INFO | 📡 DNS stands for wild-water-d6ec.hakimkhan01h2.workers.dev
2026-03-01 11:43:42,248 | INFO | 🖥️ Headless Mode Active.
2026-03-01 11:43:52,255 | INFO | 🚀 Ultra Engine Booted
2026-03-01 11:43:52,281 | INFO | 🛠️ Bridge Security Audit...
2026-03-01 11:43:53,583 | INFO | ✅ Connection Verified: @asd3dfghhb_bot
2026-03-01 11:43:53,680 | INFO | 🔍 Scraper Cycle Start...
2026-03-01 11:44:02,014 | INFO | ✅ Deal B0F6CXR97M posted.
2026-03-01 11:44:37,138 | INFO | 📡 DNS stands for wild-water-d6ec.hakimkhan01h2.workers.dev
2026-03-01 11:44:37,139 | INFO | 🖥️ Headless Mode Active.
2026-03-01 11:44:47,140 | INFO | 🚀 Ultra Engine Booted
2026-03-01 11:44:47,141 | INFO | 🛠️ Bridge Security Audit...
2026-03-01 11:44:48,010 | INFO | ✅ Connection Verified: @asd3dfghhb_bot
2026-03-01 11:44:48,016 | INFO | 🔍 Scraper Cycle Start...
2026-03-01 11:44:51,961 | INFO | ✅ Deal B0F2TG23JJ posted.
2026-03-01 11:45:52,757 | INFO | 🔍 Scraper Cycle Start...
2026-03-01 11:46:00,001 | INFO | ✅ Deal B0GF23R9B6 posted.
2026-03-01 11:48:23,200 | INFO | 📡 DNS stands for wild-water-d6ec.hakimkhan01h2.workers.dev
2026-03-01 11:48:23,202 | INFO | 🖥️ Headless Mode Active.
2026-03-01 11:48:25,332 | INFO | 📡 DNS stands for wild-water-d6ec.hakimkhan01h2.workers.dev
2026-03-01 11:48:25,333 | INFO | 🖥️ Headless Mode Active.
2026-03-01 11:48:35,389 | INFO | 🚀 Ultra Engine Booted
2026-03-01 11:48:35,401 | INFO | 🛠️ Bridge Security Audit...
2026-03-01 11:48:36,029 | INFO | ✅ Connection Verified: @asd3dfghhb_bot
2026-03-01 11:48:36,031 | INFO | 🔍 Scraper Cycle Start...
2026-03-01 11:48:37,590 | INFO | 📦 Checking Price: B0FM3C4L2F
2026-03-01 11:48:41,824 | INFO | ⏭️ Skip Deal (Above Budget): B0FM3C4L2F (₹66990 > ₹5000.0)
2026-03-01 11:48:45,608 | INFO | ⏭️ Skip Deal (Above Budget): B0FM3C4L2F (₹66990 > ₹5000.0)
2026-03-01 11:48:46,610 | INFO | 📦 Checking Price: B0GF24NXX8
2026-03-01 11:48:50,870 | INFO | ⏭️ Skip Deal (Above Budget): B0GF24NXX8 (₹37999 > ₹5000.0)
2026-03-01 11:48:51,871 | INFO | 📦 Checking Price: B0FCMKNCJ4
2026-03-01 11:48:58,265 | INFO | ⏭️ Skip Deal (Above Budget): B0FCMKNCJ4 (₹26997 > ₹5000.0)
2026-03-01 11:48:59,306 | INFO | 📦 Checking Price: B0CCY3HLCV
2026-03-01 11:49:04,753 | INFO | ⏭️ Skip Deal (Above Budget): B0CCY3HLCV (₹30990 > ₹5000.0)
2026-03-01 11:49:08,608 | INFO | ⏭️ Skip Deal (Above Budget): B0CCY3HLCV (₹30990 > ₹5000.0)
2026-03-01 11:49:09,610 | INFO | 📦 Checking Price: B0D79G62J3
2026-03-01 11:49:15,789 | INFO | ⏭️ Skip Deal (Above Budget): B0D79G62J3 (₹14499 > ₹5000.0)
2026-03-01 11:49:19,609 | INFO | ⏭️ Skip Deal (Above Budget): B0D79G62J3 (₹14499 > ₹5000.0)
2026-03-01 11:49:20,610 | INFO | 📦 Checking Price: B0DSBRDRDV
2026-03-01 11:49:24,777 | INFO | ⏭️ Skip Deal (Above Budget): B0DSBRDRDV (₹14990 > ₹5000.0)
2026-03-01 11:49:25,778 | INFO | 📦 Checking Price: B0DPHTSTYJ
2026-03-01 11:49:28,666 | INFO | ⏭️ Skip Deal (Above Budget): B0DPHTSTYJ (₹19990 > ₹5000.0)
2026-03-01 11:49:32,882 | INFO | ⏭️ Skip Deal (Above Budget): B0DPHTSTYJ (₹19990 > ₹5000.0)
2026-03-01 11:49:33,883 | INFO | 📦 Checking Price: B0CCYNFC1F
2026-03-01 11:49:38,438 | INFO | ⏭️ Skip Deal (Above Budget): B0CCYNFC1F (₹79990 > ₹5000.0)
2026-03-01 11:49:39,440 | INFO | 📦 Checking Price: B0DQTDJ5MD
2026-03-01 11:49:44,875 | INFO | ⏭️ Skip Deal (Above Budget): B0DQTDJ5MD (₹40750 > ₹5000.0)
2026-03-01 11:49:49,289 | INFO | ⏭️ Skip Deal (Above Budget): B0DQTDJ5MD (₹40750 > ₹5000.0)
2026-03-01 11:49:50,291 | INFO | 📦 Checking Price: B0C2TPHG6Q
2026-03-01 11:49:54,352 | INFO | ⏭️ Skip Deal (Above Budget): B0C2TPHG6Q (₹25490 > ₹5000.0)
2026-03-01 11:49:55,354 | WARNING | 📉 No deals found within budget (₹5000.0) in this pass.
2026-03-01 11:50:56,323 | INFO | 🔍 Scraper Cycle Start...
2026-03-01 11:50:57,966 | INFO | 📦 Checking Price: B0DBVVS6MH
2026-03-01 11:51:01,176 | INFO | ✅ Deal B0DBVVS6MH posted.
2026-03-01 11:52:01,256 | INFO | 🔍 Scraper Cycle Start...
2026-03-01 11:52:03,350 | INFO | 📦 Checking Price: B0FDQTLSFT
2026-03-01 11:52:14,663 | INFO | ⏭️ Skip Deal (Above Budget): B0FDQTLSFT (₹26999 > ₹5000.0)
2026-03-01 11:52:15,948 | INFO | 📦 Checking Price: B0CCYNFC1F
2026-03-01 11:52:40,611 | INFO | ⏭️ Skip Deal (Above Budget): B0CCYNFC1F (₹79990 > ₹5000.0)
2026-03-01 11:52:45,254 | INFO | ⏭️ Skip Deal (Above Budget): B0CCYNFC1F (₹79990 > ₹5000.0)
2026-03-01 11:52:46,261 | INFO | 📦 Checking Price: B0F8343CVL
2026-03-01 11:52:52,293 | INFO | ⏭️ Skip Deal (Above Budget): B0F8343CVL (₹39990 > ₹5000.0)
2026-03-01 11:52:57,198 | INFO | ⏭️ Skip Deal (Above Budget): B0F8343CVL (₹39990 > ₹5000.0)
2026-03-01 11:52:58,237 | INFO | 📦 Checking Price: B0FMDL81GS
2026-03-01 11:53:06,321 | INFO | ✅ Deal B0FMDL81GS posted.
2026-03-01 11:53:55,947 | INFO | 📡 DNS stands for wild-water-d6ec.hakimkhan01h2.workers.dev
2026-03-01 11:53:55,948 | INFO | 🖥️ Headless Mode Active.
2026-03-01 11:54:05,948 | INFO | 🚀 Ultra Engine Booted
2026-03-01 11:54:05,951 | INFO | 🛠️ Bridge Security Audit...
2026-03-01 11:54:06,533 | INFO | ✅ Connection Verified: @asd3dfghhb_bot
2026-03-01 11:54:06,537 | INFO | 🔍 Scraper Cycle Start...
2026-03-01 11:54:08,365 | INFO | 📦 Checking Price: B0FT8HVP1D
2026-03-01 11:54:14,062 | INFO | ⏭️ Skip Deal (Above Budget): B0FT8HVP1D (₹40990 > ₹5000.0)
2026-03-01 11:54:18,386 | INFO | ⏭️ Skip Deal (Above Budget): B0FT8HVP1D (₹40990 > ₹5000.0)
2026-03-01 11:54:19,393 | INFO | 📦 Checking Price: B0B296BHW8
2026-03-01 11:54:25,276 | INFO | ✅ Deal B0B296BHW8 posted.
2026-03-01 14:23:05,492 | INFO | 📡 DNS stands for wild-water-d6ec.hakimkhan01h2.workers.dev
2026-03-01 14:31:08,699 | INFO | 📡 DNS stands for wild-water-d6ec.hakimkhan01h2.workers.dev
2026-03-01 14:34:11,233 | INFO | 📡 DNS stands for wild-water-d6ec.hakimkhan01h2.workers.dev
2026-03-01 14:34:18,951 | INFO | 📡 DNS stands for wild-water-d6ec.hakimkhan01h2.workers.dev
2026-03-01 14:34:38,444 | INFO | 📡 DNS stands for wild-water-d6ec.hakimkhan01h2.workers.dev
2026-03-01 14:35:56,941 | INFO | 📡 DNS stands for wild-water-d6ec.hakimkhan01h2.workers.dev
2026-03-01 14:35:57,668 | INFO | 🖥️ Headless Mode Start (Manual Run).
2026-03-01 14:36:07,671 | INFO | 🚀 Ultra Engine Booted
2026-03-01 14:36:07,672 | INFO | 🛠️ Bridge Security Audit...
2026-03-01 14:36:08,710 | INFO | ✅ Connection Verified via Bridge: @asd3dfghhb_bot (ChatID: -1003830805941)
2026-03-01 14:36:08,714 | INFO | 🔍 Scraper Cycle Start...
2026-03-01 14:36:10,183 | INFO | 📦 Checking Price: B07PK41FL4
2026-03-01 14:36:16,298 | INFO | ✅ Deal B07PK41FL4 posted (Price: 687).
2026-03-01 14:37:16,606 | INFO | 🔍 Scraper Cycle Start...
2026-03-01 14:37:18,046 | INFO | 📦 Checking Price: B0CTXC8LN9
2026-03-01 14:37:23,433 | INFO | ✅ Deal B0CTXC8LN9 posted (Price: 365).
2026-03-01 14:38:23,554 | INFO | 🔍 Scraper Cycle Start...
2026-03-01 14:38:25,037 | INFO | 📦 Checking Price: B0CVXS6WGM
2026-03-01 14:38:28,411 | INFO | ✅ Deal B0CVXS6WGM posted (Price: 210).
2026-03-01 15:24:16,272 | INFO | 📡 DNS stands for wild-water-d6ec.hakimkhan01h2.workers.dev
2026-03-01 15:24:16,934 | INFO | 🖥️ Headless Mode Start (Manual Run).
2026-03-01 15:24:26,935 | INFO | 🚀 Ultra Engine Booted
2026-03-01 15:24:26,938 | INFO | 🛠️ Bridge Security Audit...
2026-03-01 15:24:27,988 | INFO | ✅ Connection Verified via Bridge: @asd3dfghhb_bot (ChatID: -1003830805941)
2026-03-01 15:24:27,991 | INFO | 🔍 Scraper Cycle Start...
2026-03-01 15:24:29,767 | INFO | 📦 Checking Price: B0D33L393H
2026-03-01 15:24:35,918 | INFO | ✅ Deal B0D33L393H posted (Price: 295).
2026-03-01 15:25:36,515 | INFO | 🔍 Scraper Cycle Start...
2026-03-01 15:25:39,234 | INFO | 📦 Checking Price: B0DC14CYKR
2026-03-01 15:25:43,452 | INFO | ✅ Deal B0DC14CYKR posted (Price: 169).
2026-03-01 15:35:52,849 | INFO | 📡 DNS stands for wild-water-d6ec.hakimkhan01h2.workers.dev
2026-03-01 15:35:54,516 | INFO | 🖥️ Headless Mode Start (Manual Run).
2026-03-01 15:36:04,544 | INFO | 🚀 Ultra Engine Booted
2026-03-01 15:36:04,571 | INFO | 🛠️ Bridge Security Audit...
2026-03-01 15:36:06,557 | INFO | ✅ Connection Verified via Bridge: @asd3dfghhb_bot (ChatID: -1003830805941)
2026-03-01 15:36:06,832 | INFO | 🔍 Scraper Cycle Start...
2026-03-01 15:36:08,991 | INFO | 📦 Checking Price: B0C5TGZNQ2
2026-03-01 15:36:14,747 | INFO | ✅ Deal B0C5TGZNQ2 posted (Price: 187).
2026-03-01 15:48:22,573 | INFO | 📡 DNS stands for wild-water-d6ec.hakimkhan01h2.workers.dev
2026-03-01 15:48:23,392 | INFO | 🖥️ Headless Mode Start (Manual Run).
2026-03-01 15:48:33,396 | INFO | 🚀 Ultra Engine Booted
2026-03-01 15:48:33,398 | INFO | 🛠️ Bridge Security Audit...
2026-03-01 15:48:34,441 | INFO | ✅ Connection Verified via Bridge: @asd3dfghhb_bot (ChatID: -1003830805941)
2026-03-01 15:48:34,455 | INFO | 🔍 Scraper Cycle Start...
2026-03-01 15:48:35,993 | INFO | 📦 Checking Price: B07MQ1QX3F
2026-03-01 15:48:39,166 | INFO | ⏭️ Skip Deal: B07MQ1QX3F (Price: ₹122, Discount: 8%) - Low Discount (8% < 50.0%)
2026-03-01 15:48:43,565 | INFO | ⏭️ Skip Deal: B07MQ1QX3F (Price: ₹122, Discount: 8%) - Low Discount (8% < 50.0%)
2026-03-01 15:48:44,567 | INFO | 📦 Checking Price: B0BXL2WQZ5
2026-03-01 15:48:48,811 | INFO | ✅ Deal B0BXL2WQZ5 posted (Price: 299).
2026-03-01 15:55:04,991 | INFO | 📡 DNS stands for wild-water-d6ec.hakimkhan01h2.workers.dev
2026-03-01 15:55:05,853 | INFO | 🖥️ Headless Mode Start (Manual Run).
2026-03-01 15:55:15,853 | INFO | 🚀 Ultra Engine Booted
2026-03-01 15:55:15,855 | INFO | 🛠️ Bridge Security Audit...
2026-03-01 15:55:18,462 | INFO | ✅ Connection Verified via Bridge: @asd3dfghhb_bot
2026-03-01 15:55:18,467 | INFO | 🔍 Scraper Cycle Start...
2026-03-01 15:55:20,659 | INFO | 📦 Checking Price: B0F3XLJX44
2026-03-01 15:55:26,216 | INFO | ✅ Deal B0F3XLJX44 posted (Price: 189).
2026-03-01 15:56:26,403 | INFO | 🔍 Scraper Cycle Start...
2026-03-01 15:56:28,744 | INFO | 📦 Checking Price: B0F38FQCH4
2026-03-01 15:56:34,050 | INFO | ✅ Deal B0F38FQCH4 posted (Price: 499).
2026-03-01 15:58:32,595 | INFO | 📡 DNS stands for wild-water-d6ec.hakimkhan01h2.workers.dev
2026-03-01 15:58:33,429 | INFO | 🖥️ Headless Mode Start (Manual Run).
2026-03-01 15:58:43,436 | INFO | 🚀 Ultra Engine Booted
2026-03-01 15:58:43,437 | INFO | 🛠️ Bridge Security Audit...
2026-03-01 15:58:44,590 | INFO | ✅ Connection Verified via Bridge: @asd3dfghhb_bot
2026-03-01 15:58:44,592 | INFO | 🔍 Scraper Cycle Start...
2026-03-01 15:58:46,248 | INFO | 📦 Checking Price: B00IZ932WG
2026-03-01 15:58:50,839 | INFO | ⏭️ Skip Deal: B00IZ932WG (Price: ₹289, Discount: 11%) - Low Discount (11% < 50.0%)
2026-03-01 15:58:51,841 | INFO | 📦 Checking Price: B09RB6LKTN
2026-03-01 15:58:56,708 | INFO | ✅ Deal B09RB6LKTN posted (Price: 159).
2026-03-01 16:01:24,118 | INFO | 📡 DNS stands for wild-water-d6ec.hakimkhan01h2.workers.dev
2026-03-01 16:01:24,860 | INFO | 🖥️ Headless Mode Start (Manual Run).
2026-03-01 16:01:34,861 | INFO | 🚀 Ultra Engine Booted
2026-03-01 16:01:34,863 | INFO | 🛠️ Bridge Security Audit...
2026-03-01 16:01:36,010 | INFO | ✅ Connection Verified via Bridge: @asd3dfghhb_bot
2026-03-01 16:01:36,015 | INFO | 🔍 Scraper Cycle Start...
2026-03-01 16:01:40,831 | INFO | 📦 Checking Price: B0D9YN1755
2026-03-01 16:01:46,014 | INFO | ✅ Deal B0D9YN1755 posted (Price: 385).
2026-03-01 16:08:08,305 | INFO | 📡 DNS stands for wild-water-d6ec.hakimkhan01h2.workers.dev
2026-03-01 16:08:08,987 | INFO | 🖥️ Headless Mode Start (Manual Run).
2026-03-01 16:08:18,989 | INFO | 🚀 Ultra Engine Booted
2026-03-01 16:08:18,990 | INFO | 🛠️ Bridge Security Audit...
2026-03-01 16:08:19,775 | INFO | ✅ Connection Verified via Bridge: @asd3dfghhb_bot
2026-03-01 16:08:19,780 | INFO | 🔍 Scraper Cycle Start...
2026-03-01 16:08:21,400 | INFO | 📦 Checking Price: B01LYGFYFK
2026-03-01 16:08:26,945 | INFO | ✅ Deal B01LYGFYFK posted (Price: 100).
2026-03-01 16:09:27,915 | INFO | 🔍 Scraper Cycle Start...
2026-03-01 16:09:32,665 | INFO | 📦 Checking Price: B0F38C9S11
2026-03-01 16:09:39,136 | INFO | ✅ Deal B0F38C9S11 posted (Price: 499).
2026-03-01 17:09:55,322 | INFO | 📡 Standard DNS working.
2026-03-01 17:09:55,362 | INFO | 🖥️ Headless Mode | HF=False
2026-03-01 17:09:55,364 | INFO | 🖥️ Headless Mode Start.
2026-03-01 17:10:05,364 | INFO | 🚀 Resilience v30 Ultra Booted | HF=False
2026-03-01 17:10:05,370 | INFO | 🛠️ Verifying Telegram...
2026-03-01 17:10:06,457 | INFO | ✅ Telegram OK → @asd3dfghhb_bot
2026-03-01 17:10:06,648 | INFO | 🔍 Scraper Cycle Start...
2026-03-01 17:10:09,508 | INFO | ✅ Found 30 ASINs via [Stealth]
2026-03-01 17:10:09,633 | INFO | 🎯 27 fresh ASINs (budget ₹5000.0)...
2026-03-01 17:10:09,713 | INFO | 📦 Checking: B0FCMKNCJ4
2026-03-01 17:10:16,110 | INFO | 📊 B0FCMKNCJ4 | ₹26997 (MRP ₹30999) | 13% OFF | OnePlus Nord CE5 | MediaTek Dimensi
2026-03-01 17:10:16,112 | INFO | ⏭️ Skip B0FCMKNCJ4 (₹26997 > ₹5000.0)
2026-03-01 17:10:17,613 | INFO | 📦 Checking: B0FM3C4L2F
2026-03-01 17:10:21,291 | INFO | 📊 B0FM3C4L2F | ₹66990 (MRP ₹83990) | 20% OFF | ASUS TUF A15 (2025), AMD Ryzen 7 74
2026-03-01 17:10:21,292 | INFO | ⏭️ Skip B0FM3C4L2F (₹66990 > ₹5000.0)
2026-03-01 17:10:22,793 | INFO | 📦 Checking: B0G7GXMB2Z
2026-03-01 17:10:28,574 | INFO | 📊 B0G7GXMB2Z | ₹33490 (MRP ₹53830) | 38% OFF | Daikin 1.5 Ton 3 Star Inverter Spli
2026-03-01 17:10:28,575 | INFO | ⏭️ Skip B0G7GXMB2Z (₹33490 > ₹5000.0)
2026-03-01 17:10:30,079 | INFO | 📦 Checking: B0FB35J4B6
2026-03-01 17:10:32,105 | INFO | 📊 B0FB35J4B6 | ₹34990 (MRP ₹69990) | 50% OFF | LG 126 cm (50 inches) UA82 AI Serie
2026-03-01 17:10:32,106 | INFO | ⏭️ Skip B0FB35J4B6 (₹34990 > ₹5000.0)
2026-03-01 17:10:33,607 | INFO | 📦 Checking: B0G58WMC69
2026-03-01 17:10:40,013 | INFO | 📊 B0G58WMC69 | ₹41490 (MRP ₹78990) | 47% OFF | LG 1.5 Ton 5 Star DUAL Inverter Spl
2026-03-01 17:10:40,016 | INFO | ⏭️ Skip B0G58WMC69 (₹41490 > ₹5000.0)
2026-03-01 17:10:41,517 | INFO | 📦 Checking: B0F6TN4K15
2026-03-01 17:10:46,983 | INFO | 📊 B0F6TN4K15 | ₹33990 (MRP ₹54900) | 38% OFF | Godrej 1.5 Ton 5 Star, 5 Years Comp
2026-03-01 17:10:46,984 | INFO | ⏭️ Skip B0F6TN4K15 (₹33990 > ₹5000.0)
2026-03-01 17:10:48,536 | INFO | 📦 Checking: B0GGPD93C1
2026-03-01 17:10:51,924 | INFO | 📊 B0GGPD93C1 | ₹15490 (MRP ₹20950) | 26% OFF | Whirlpool 192 L 3 Star Vitamagic PR
2026-03-01 17:10:51,925 | INFO | ⏭️ Skip B0GGPD93C1 (₹15490 > ₹5000.0)
2026-03-01 17:10:53,426 | INFO | 📦 Checking: B0FDQTLSFT
2026-03-01 17:10:58,212 | INFO | 📊 B0FDQTLSFT | ₹26999 (MRP ₹35990) | 25% OFF | Philips 127 cm (50 inches) 8100 Ser
2026-03-01 17:10:58,213 | INFO | ⏭️ Skip B0FDQTLSFT (₹26999 > ₹5000.0)
2026-03-01 17:10:59,714 | INFO | 📦 Checking: B0G4CHKBGP
2026-03-01 17:11:03,196 | INFO | 📊 B0G4CHKBGP | ₹18199 (MRP ₹26999) | 33% OFF | Native by Urban Company M2 PRO RO+U
2026-03-01 17:11:03,199 | INFO | ⏭️ Skip B0G4CHKBGP (₹18199 > ₹5000.0)
2026-03-01 17:11:04,700 | INFO | 📦 Checking: B0FTR2PJTV
2026-03-01 17:11:07,741 | INFO | 📊 B0FTR2PJTV | ₹79998 (MRP ₹96999) | 18% OFF | OnePlus 15 | 16GB+512GB | Sand Stor
2026-03-01 17:11:07,742 | INFO | ⏭️ Skip B0FTR2PJTV (₹79998 > ₹5000.0)
2026-03-01 17:11:09,243 | INFO | 📦 Checking: B0G5G7LNCV
2026-03-01 17:11:12,707 | INFO | 📊 B0G5G7LNCV | ₹24998 (MRP ₹28999) | 14% OFF | REDMI Note 15 5G (Glacier Blue, 8GB
2026-03-01 17:11:12,707 | INFO | ⏭️ Skip B0G5G7LNCV (₹24998 > ₹5000.0)
2026-03-01 17:11:14,209 | INFO | 📦 Checking: B0FT8HVP1D
2026-03-01 17:11:17,157 | INFO | 📊 B0FT8HVP1D | ₹40990 (MRP ₹4099000) | 45% OFF | Blue Star 1.5 Ton 5 Star, 60 Months
2026-03-01 17:11:17,158 | INFO | ⏭️ Skip B0FT8HVP1D (₹40990 > ₹5000.0)
2026-03-01 17:11:18,659 | INFO | 📦 Checking: B0D79G62J3
2026-03-01 17:11:21,973 | INFO | 📊 B0D79G62J3 | ₹14499 (MRP ₹20999) | 31% OFF | Native by Urban Company M1 RO+UV+Co
2026-03-01 17:11:21,974 | INFO | ⏭️ Skip B0D79G62J3 (₹14499 > ₹5000.0)
2026-03-01 17:11:23,475 | INFO | 📦 Checking: B0FN4N49LK
2026-03-01 17:11:29,579 | INFO | 📊 B0FN4N49LK | ₹9675.00 (MRP ₹22856.00) | 57% OFF | Kurlon Dual 5 Inch Mattress | King 
2026-03-01 17:11:29,579 | INFO | ⏭️ Skip B0FN4N49LK (₹9675.00 > ₹5000.0)
2026-03-01 17:11:31,080 | INFO | 📦 Checking: B0C3LHV43S
2026-03-01 17:11:38,285 | INFO | 📊 B0C3LHV43S | ₹38990 (MRP ₹53990) | 28% OFF | LG Smart Choice, 9 Kg, 5 Star, AI D
2026-03-01 17:11:38,286 | INFO | ⏭️ Skip B0C3LHV43S (₹38990 > ₹5000.0)
2026-03-01 17:11:39,787 | WARNING | 📉 No qualifying deals this cycle.
2026-03-01 17:12:39,856 | INFO | 🔍 Scraper Cycle Start...
2026-03-01 17:12:44,578 | INFO | ✅ Found 30 ASINs via [Stealth]
2026-03-01 17:12:44,585 | INFO | 🎯 27 fresh ASINs (budget ₹5000.0)...
2026-03-01 17:12:44,594 | INFO | 📦 Checking: B0G7GXMB2Z
2026-03-01 17:12:48,420 | INFO | 📊 B0G7GXMB2Z | ₹33490 (MRP ₹53830) | 38% OFF | Daikin 1.5 Ton 3 Star Inverter Spli
2026-03-01 17:12:48,421 | INFO | ⏭️ Skip B0G7GXMB2Z (₹33490 > ₹5000.0)
2026-03-01 17:12:49,926 | INFO | 📦 Checking: B0DSKL9MQ8
2026-03-01 17:12:53,781 | INFO | 📊 B0DSKL9MQ8 | ₹122999 (MRP ₹129999) | 5% OFF | Samsung Galaxy S25 Ultra 5G Mobile 
2026-03-01 17:12:53,783 | INFO | ⏭️ Skip B0DSKL9MQ8 (₹122999 > ₹5000.0)
2026-03-01 17:12:55,285 | INFO | 📦 Checking: B0GDZVGC9W
2026-03-01 17:12:58,275 | INFO | 📊 B0GDZVGC9W | ₹34990 (MRP ₹68990) | 49% OFF | LG 1 Ton 4 Star DUAL Inverter Split
2026-03-01 17:12:58,276 | INFO | ⏭️ Skip B0GDZVGC9W (₹34990 > ₹5000.0)
2026-03-01 17:12:59,777 | INFO | 📦 Checking: B0C3LHV43S
2026-03-01 17:13:06,930 | INFO | 📊 B0C3LHV43S | ₹38990 (MRP ₹53990) | 28% OFF | LG Smart Choice, 9 Kg, 5 Star, AI D
2026-03-01 17:13:06,931 | INFO | ⏭️ Skip B0C3LHV43S (₹38990 > ₹5000.0)
2026-03-01 17:13:08,432 | INFO | 📦 Checking: B0G5G7LNCV
2026-03-01 17:13:12,501 | INFO | 📊 B0G5G7LNCV | ₹24998 (MRP ₹28999) | 14% OFF | REDMI Note 15 5G (Glacier Blue, 8GB
2026-03-01 17:13:12,501 | INFO | ⏭️ Skip B0G5G7LNCV (₹24998 > ₹5000.0)
2026-03-01 17:13:14,002 | INFO | 📦 Checking: B0GCKCSDKM
2026-03-01 17:13:19,669 | INFO | 📊 B0GCKCSDKM | ₹41990 (MRP ₹61940) | 32% OFF | Daikin 1.5 Ton 5 Star Inverter Spli
2026-03-01 17:13:19,676 | INFO | ⏭️ Skip B0GCKCSDKM (₹41990 > ₹5000.0)
2026-03-01 17:13:21,246 | INFO | 📦 Checking: B0FL2D9SLV
2026-03-01 17:13:28,442 | INFO | 📊 B0FL2D9SLV | ₹29999 (MRP ₹89999) | 67% OFF | ECOVACS DEEBOT N30 Plus White 2 in 
2026-03-01 17:13:28,443 | INFO | ⏭️ Skip B0FL2D9SLV (₹29999 > ₹5000.0)
2026-03-01 17:13:29,946 | INFO | 📦 Checking: B0FTR2PJTV
2026-03-01 17:13:37,526 | INFO | 📊 B0FTR2PJTV | ₹79998 (MRP ₹96999) | 18% OFF | OnePlus 15 | 16GB+512GB | Sand Stor
2026-03-01 17:13:37,528 | INFO | ⏭️ Skip B0FTR2PJTV (₹79998 > ₹5000.0)
2026-03-01 17:13:39,029 | INFO | 📦 Checking: B0G91PGPDW
2026-03-01 17:13:41,949 | INFO | 📊 B0G91PGPDW | ₹37999 (MRP ₹46999) | 19% OFF | Oppo Reno15c 5G (Afterglow Pink, 12
2026-03-01 17:13:41,950 | INFO | ⏭️ Skip B0G91PGPDW (₹37999 > ₹5000.0)
2026-03-01 17:13:43,451 | INFO | 📦 Checking: B0FM38SKN8
2026-03-01 17:13:49,677 | INFO | 📊 B0FM38SKN8 | ₹89990 (MRP ₹114990) | 22% OFF | ASUS TUF A16 (2025), AMD Ryzen 7 74
2026-03-01 17:13:49,678 | INFO | ⏭️ Skip B0FM38SKN8 (₹89990 > ₹5000.0)
2026-03-01 17:13:51,179 | INFO | 📦 Checking: B0GGPD93C1
2026-03-01 17:13:56,181 | INFO | 📊 B0GGPD93C1 | ₹15490 (MRP ₹20950) | 26% OFF | Whirlpool 192 L 3 Star Vitamagic PR
2026-03-01 17:13:56,183 | INFO | ⏭️ Skip B0GGPD93C1 (₹15490 > ₹5000.0)
2026-03-01 17:13:57,685 | INFO | 📦 Checking: B0G58WMC69
2026-03-01 17:14:03,230 | INFO | 📊 B0G58WMC69 | ₹41490 (MRP ₹78990) | 47% OFF | LG 1.5 Ton 5 Star DUAL Inverter Spl
2026-03-01 17:14:03,242 | INFO | ⏭️ Skip B0G58WMC69 (₹41490 > ₹5000.0)
2026-03-01 17:14:04,749 | INFO | 📦 Checking: B0FCMKNCJ4
2026-03-01 17:14:08,589 | INFO | 📊 B0FCMKNCJ4 | ₹26997 (MRP ₹30999) | 13% OFF | OnePlus Nord CE5 | MediaTek Dimensi
2026-03-01 17:14:08,590 | INFO | ⏭️ Skip B0FCMKNCJ4 (₹26997 > ₹5000.0)
2026-03-01 17:14:10,092 | INFO | 📦 Checking: B0D79G62J3
2026-03-01 17:14:13,335 | INFO | 📊 B0D79G62J3 | ₹14499 (MRP ₹20999) | 31% OFF | Native by Urban Company M1 RO+UV+Co
2026-03-01 17:14:13,337 | INFO | ⏭️ Skip B0D79G62J3 (₹14499 > ₹5000.0)
2026-03-01 17:14:14,838 | INFO | 📦 Checking: B0DQTDJ5MD
2026-03-01 17:14:21,711 | INFO | 📊 B0DQTDJ5MD | ₹40750 (MRP ₹75850) | 46% OFF | Hitachi 1.5 Ton 5 Star Xpandable+ I
2026-03-01 17:14:22,063 | INFO | ⏭️ Skip B0DQTDJ5MD (₹40750 > ₹5000.0)
2026-03-01 17:14:23,756 | WARNING | 📉 No qualifying deals this cycle.
2026-03-01 17:15:24,334 | INFO | 🔍 Scraper Cycle Start...
2026-03-01 17:15:26,301 | INFO | ✅ Found 257 ASINs via [Stealth]
2026-03-01 17:15:26,331 | INFO | 🎯 14 fresh ASINs (budget ₹5000.0)...
2026-03-01 17:15:26,348 | INFO | 📦 Checking: B0854J6N67
2026-03-01 17:15:28,532 | INFO | 📊 B0854J6N67 | ₹159 (MRP ₹349) | 54% OFF | ZORO Men's Vegan Leather Belt for M
2026-03-01 17:15:29,444 | INFO | ✅ Posted: B0854J6N67 (₹159)
2026-03-01 17:20:49,647 | INFO | 📡 DNS resolution looks normal.
2026-03-01 17:20:49,649 | INFO | 🖥️ Headless Mode | HF=False
2026-03-01 17:20:49,650 | INFO | 🖥️ Headless Mode Start.
2026-03-01 17:20:59,651 | INFO | 🚀 Resilience v33 Ultra Boots | HF=False
2026-03-01 17:20:59,651 | INFO | 🛠️ Verifying Connection...
2026-03-01 17:21:00,684 | INFO | ✅ Connection OK → @asd3dfghhb_bot
2026-03-01 17:21:00,692 | INFO | 🔍 Scraper Cycle Start...
2026-03-01 17:21:02,746 | INFO | ✅ Found 253 ASINs via [Stealth]
2026-03-01 17:21:02,895 | INFO | 🎯 Processing 13 new deals...
2026-03-01 17:21:02,895 | INFO | 📦 Checking: B08X185BDB
2026-03-01 17:21:06,871 | INFO | 📊 B08X185BDB | ₹212 (MRP ₹?) | 58% OFF | GLUN Waterproof Unisex Kitchen
2026-03-01 17:21:08,240 | INFO | ✅ Posted: B08X185BDB (₹212)
2026-03-01 17:22:08,328 | INFO | 🔍 Scraper Cycle Start...
2026-03-01 17:22:11,267 | INFO | ✅ Found 293 ASINs via [Stealth]
2026-03-01 17:22:11,290 | INFO | 🎯 Processing 17 new deals...
2026-03-01 17:22:11,314 | INFO | 📦 Checking: B00YUNKKP8
2026-03-01 17:22:16,648 | INFO | 📊 B00YUNKKP8 | ₹? (MRP ₹220) | 25% OFF | Hit Anti Roach Gel - Cockroach
2026-03-01 17:22:18,151 | INFO | 📦 Checking: B00KRUMM22
2026-03-01 17:22:20,965 | INFO | 📊 B00KRUMM22 | ₹115 (MRP ₹141) | 18% OFF | Ganesh Gas Lighter with Free K
2026-03-01 17:22:22,496 | INFO | ✅ Posted: B00KRUMM22 (₹115)
2026-03-01 17:23:22,540 | INFO | 🔍 Scraper Cycle Start...
2026-03-01 17:23:37,431 | INFO | ✅ Found 253 ASINs via [Stealth]
2026-03-01 17:23:37,487 | INFO | 🎯 Processing 12 new deals...
2026-03-01 17:23:37,498 | INFO | 📦 Checking: B0C8197XJ6
2026-03-01 17:23:40,227 | INFO | 📊 B0C8197XJ6 | ₹115 (MRP ₹125) | 8% OFF | Ganesh Stainless Steel Kitchen
2026-03-01 17:23:42,223 | INFO | ✅ Posted: B0C8197XJ6 (₹115)
2026-03-01 17:24:42,275 | INFO | 🔍 Scraper Cycle Start...
2026-03-01 17:24:44,511 | INFO | ✅ Found 290 ASINs via [Stealth]
2026-03-01 17:24:44,569 | INFO | 🎯 Processing 16 new deals...
2026-03-01 17:24:44,579 | INFO | 📦 Checking: B0CCM8L54V
2026-03-01 17:24:46,948 | INFO | 📊 B0CCM8L54V | ₹? (MRP ₹699) | 64% OFF | Zulaxy Photo Frame Hooks for W
2026-03-01 17:24:48,451 | INFO | 📦 Checking: B0CQPBKLGZ
2026-03-01 17:24:51,590 | INFO | 📊 B0CQPBKLGZ | ₹89 (MRP ₹499) | 82% OFF | Fitness Mantra® Beanie Cap & M
2026-03-01 17:24:52,393 | INFO | ✅ Posted: B0CQPBKLGZ (₹89)
2026-03-01 17:25:52,439 | INFO | 🔍 Scraper Cycle Start...
2026-03-01 17:25:54,383 | INFO | ✅ Found 257 ASINs via [Stealth]
2026-03-01 17:25:54,415 | INFO | 🎯 Processing 10 new deals...
2026-03-01 17:25:54,417 | INFO | 📦 Checking: B0CPPVY3T4
2026-03-01 17:25:59,145 | INFO | 📊 B0CPPVY3T4 | ₹? (MRP ₹2499) | 90% OFF | PRIME DEALS Magnetic Sticks Bu
2026-03-01 17:26:00,647 | INFO | 📦 Checking: B0BR3VKC3F
2026-03-01 17:26:04,111 | INFO | 📊 B0BR3VKC3F | ₹65 (MRP ₹500) | 87% OFF | wipro Garnet 10W LED Bulb for 
2026-03-01 17:26:05,585 | INFO | ✅ Posted: B0BR3VKC3F (₹65)
2026-03-01 17:27:05,652 | INFO | 🔍 Scraper Cycle Start...
2026-03-01 17:27:08,083 | INFO | ✅ Found 267 ASINs via [Stealth]
2026-03-01 17:27:08,128 | INFO | 🎯 Processing 60 new deals...
2026-03-01 17:27:08,137 | INFO | 📦 Checking: B0G1H9D8M3
2026-03-01 17:27:11,106 | INFO | 📊 B0G1H9D8M3 | ₹179 (MRP ₹999) | 82% OFF | WINSOME DEAL Men's Vegan Leath
2026-03-01 17:27:11,938 | INFO | ✅ Posted: B0G1H9D8M3 (₹179)
2026-03-01 17:28:11,990 | INFO | 🔍 Scraper Cycle Start...
2026-03-01 17:28:13,974 | INFO | ✅ Found 257 ASINs via [Stealth]
2026-03-01 17:28:13,993 | INFO | 🎯 Processing 11 new deals...
2026-03-01 17:28:13,993 | INFO | 📦 Checking: B0BRFSY895
2026-03-01 17:28:17,170 | INFO | 📊 B0BRFSY895 | ₹132 (MRP ₹499) | 74% OFF | GLUN® Round Printed Laundry Ba
2026-03-01 17:28:18,133 | INFO | ✅ Posted: B0BRFSY895 (₹132)
2026-03-01 17:29:18,180 | INFO | 🔍 Scraper Cycle Start...
2026-03-01 17:29:19,623 | INFO | ✅ Found 270 ASINs via [Stealth]
2026-03-01 17:29:19,650 | INFO | 🎯 Processing 55 new deals...
2026-03-01 17:29:19,651 | INFO | 📦 Checking: B07QNJCYQM
2026-03-01 17:29:25,066 | INFO | 📊 B07QNJCYQM | ₹? (MRP ₹2199) | 83% OFF | Storite 2 Pack Nylon Wardrobe 
2026-03-01 17:29:26,568 | INFO | 📦 Checking: B09YNNGQ8C
2026-03-01 17:29:29,709 | INFO | 📊 B09YNNGQ8C | ₹239 (MRP ₹299) | 20% OFF | MARS Alcohol-Free Seal the Dea
2026-03-01 17:29:31,102 | INFO | ✅ Posted: B09YNNGQ8C (₹239)
2026-03-01 17:30:31,165 | INFO | 🔍 Scraper Cycle Start...
2026-03-01 17:30:32,932 | INFO | ✅ Found 261 ASINs via [Stealth]
2026-03-01 17:30:32,975 | INFO | 🎯 Processing 8 new deals...
2026-03-01 17:30:32,983 | INFO | 📦 Checking: B0DHCZSR77
2026-03-01 17:30:36,202 | INFO | 📊 B0DHCZSR77 | ₹169 (MRP ₹1499) | 89% OFF | ZORO Men's Vegan Leather Belt 
2026-03-01 17:30:37,687 | INFO | ✅ Posted: B0DHCZSR77 (₹169)
2026-03-01 17:31:37,745 | INFO | 🔍 Scraper Cycle Start...
2026-03-01 17:31:39,809 | INFO | ✅ Found 261 ASINs via [Stealth]
2026-03-01 17:31:39,842 | INFO | 🎯 Processing 58 new deals...
2026-03-01 17:31:39,855 | INFO | 📦 Checking: B09NL6TTLM
2026-03-01 17:31:43,361 | INFO | 📊 B09NL6TTLM | ₹193 (MRP ₹?) | 52% OFF | Whisper Super Absorbent Period
2026-03-01 17:31:44,272 | INFO | ✅ Posted: B09NL6TTLM (₹193)
2026-03-01 17:32:44,326 | INFO | 🔍 Scraper Cycle Start...
2026-03-01 17:32:46,216 | INFO | ✅ Found 257 ASINs via [Stealth]
2026-03-01 17:32:46,259 | INFO | 🎯 Processing 8 new deals...
2026-03-01 17:32:46,260 | INFO | 📦 Checking: B01LWYDEQ7
2026-03-01 17:32:51,330 | INFO | 📊 B01LWYDEQ7 | ₹? (MRP ₹545) | 65% OFF | Pigeon Polypropylene Mini Hand
2026-03-01 17:32:52,831 | INFO | 📦 Checking: B0BZSQGFQ6
2026-03-01 17:32:54,718 | INFO | 📊 B0BZSQGFQ6 | ₹241 (MRP ₹390) | 38% OFF | GM 3 Pin 6 AMP Universal Multi
2026-03-01 17:32:56,319 | INFO | ✅ Posted: B0BZSQGFQ6 (₹241)
2026-03-01 17:33:56,373 | INFO | 🔍 Scraper Cycle Start...
2026-03-01 17:33:58,005 | INFO | ✅ Found 268 ASINs via [Stealth]
2026-03-01 17:33:58,026 | INFO | 🎯 Processing 50 new deals...
2026-03-01 17:33:58,027 | INFO | 📦 Checking: B0CFFBZ23F
2026-03-01 17:34:02,806 | INFO | 📊 B0CFFBZ23F | ₹? (MRP ₹499) | 68% OFF | Lifelong Protein Shaker|100% L
2026-03-01 17:34:04,307 | INFO | 📦 Checking: B07PJVFH4C
2026-03-01 17:34:07,833 | INFO | 📊 B07PJVFH4C | ₹349 (MRP ₹899) | 61% OFF | PRIME DEALS Premium Big Frame 
2026-03-01 17:34:08,821 | INFO | ✅ Posted: B07PJVFH4C (₹349)
2026-03-01 17:35:08,877 | INFO | 🔍 Scraper Cycle Start...
2026-03-01 17:35:13,754 | INFO | ✅ Found 30 ASINs via [Stealth]
2026-03-01 17:35:13,777 | INFO | 🎯 Processing 27 new deals...
2026-03-01 17:35:13,791 | INFO | 📦 Checking: B0CWPBBQ3M
2026-03-01 17:35:18,144 | INFO | 📊 B0CWPBBQ3M | ₹? (MRP ₹45999) | 39% OFF | Samsung Galaxy A55 5G (Awesome
2026-03-01 17:35:19,645 | INFO | 📦 Checking: B0FCMKNCJ4
2026-03-01 17:35:25,085 | INFO | 📊 B0FCMKNCJ4 | ₹? (MRP ₹30999) | 13% OFF | OnePlus Nord CE5 | MediaTek Di
2026-03-01 17:35:26,586 | INFO | 📦 Checking: B0DQTBQV3C
2026-03-01 17:35:31,076 | INFO | 📊 B0DQTBQV3C | ₹32690 (MRP ₹63850) | 49% OFF | Hitachi 1.5 Ton 3 Star Xpandab
2026-03-01 17:35:31,077 | INFO | ⏭️ Skip B0DQTBQV3C (₹32690 > ₹5000.0)
2026-03-01 17:35:32,579 | INFO | 📦 Checking: B0DQTDJ5MD
2026-03-01 17:35:34,380 | INFO | 📊 B0DQTDJ5MD | ₹? (MRP ₹75850) | 46% OFF | Hitachi 1.5 Ton 5 Star Xpandab
2026-03-01 17:35:35,882 | INFO | 📦 Checking: B0G5G7LNCV
2026-03-01 17:35:41,128 | INFO | 📊 B0G5G7LNCV | ₹? (MRP ₹28999) | 14% OFF | REDMI Note 15 5G (Glacier Blue
2026-03-01 17:35:42,629 | INFO | 📦 Checking: B0FZSWZZW2
2026-03-01 17:35:46,060 | INFO | 📊 B0FZSWZZW2 | ₹47998 (MRP ₹54999) | 13% OFF | OnePlus 15R | 12GB+256GB | Cha
2026-03-01 17:35:46,061 | INFO | ⏭️ Skip B0FZSWZZW2 (₹47998 > ₹5000.0)
2026-03-01 17:35:47,562 | INFO | 📦 Checking: B0FT8HVP1D
2026-03-01 17:35:49,354 | INFO | 📊 B0FT8HVP1D | ₹? (MRP ₹75000) | 45% OFF | Blue Star 1.5 Ton 5 Star, 60 M
2026-03-01 17:35:50,856 | INFO | 📦 Checking: B0FTR2PJTV
2026-03-01 17:35:54,086 | INFO | 📊 B0FTR2PJTV | ₹79998 (MRP ₹96999) | 18% OFF | OnePlus 15 | 16GB+512GB | Sand
2026-03-01 17:35:54,086 | INFO | ⏭️ Skip B0FTR2PJTV (₹79998 > ₹5000.0)
2026-03-01 17:35:55,588 | INFO | 📦 Checking: B0F8343CVL
2026-03-01 17:35:59,366 | INFO | 📊 B0F8343CVL | ₹39990 (MRP ₹66290) | 40% OFF | LG 139 cm (55 inches) UA82 AI 
2026-03-01 17:35:59,369 | INFO | ⏭️ Skip B0F8343CVL (₹39990 > ₹5000.0)
2026-03-01 17:36:00,885 | INFO | 📦 Checking: B0D79G62J3
2026-03-01 17:36:03,029 | INFO | 📊 B0D79G62J3 | ₹14499 (MRP ₹20999) | 31% OFF | Native by Urban Company M1 RO+
2026-03-01 17:36:03,030 | INFO | ⏭️ Skip B0D79G62J3 (₹14499 > ₹5000.0)
2026-03-01 18:17:17,948 | INFO | 📦 Checking: B0FN4N49LK
2026-03-01 18:17:31,881 | INFO | 📊 B0FN4N49LK | ₹? (MRP ₹?) | DEAL OFF | Kurlon Dual 5 Inch Mattress | 
2026-03-01 18:17:33,423 | INFO | 📦 Checking: B0FM38SKN8
2026-03-01 18:17:42,555 | INFO | 📊 B0FM38SKN8 | ₹? (MRP ₹114990) | 22% OFF | ASUS TUF A16 (2025), AMD Ryzen
2026-03-01 18:17:44,108 | INFO | 📦 Checking: B0G91PGPDW
2026-03-01 18:17:49,190 | INFO | 📊 B0G91PGPDW | ₹? (MRP ₹46999) | 19% OFF | Oppo Reno15c 5G (Afterglow Pin
2026-03-01 18:17:50,742 | INFO | 📦 Checking: B0C5M9W28S
2026-03-01 18:17:54,808 | INFO | 📊 B0C5M9W28S | ₹25990 (MRP ₹41990) | 38% OFF | Samsung 236 L, 3 Star, Convert
2026-03-01 18:17:54,812 | INFO | ⏭️ Skip B0C5M9W28S (₹25990 > ₹5000.0)
2026-03-01 18:17:56,316 | INFO | 📦 Checking: B0D5BN2FDY
2026-03-01 18:18:03,211 | INFO | 📊 B0D5BN2FDY | ₹27990 (MRP ₹52390) | 47% OFF | Voltas 123V CAE 1 ton 3 star i
2026-03-01 18:18:03,316 | INFO | ⏭️ Skip B0D5BN2FDY (₹27990 > ₹5000.0)
2026-03-01 18:18:05,110 | WARNING | 📉 No qualifying deals found.
2026-03-01 18:22:42,042 | INFO | 🔍 Scraper Cycle Start...
2026-03-01 18:22:45,660 | INFO | 🔄 Engine Shift 3 | 104.16.132.229:2053 (Blacklisted: 3)
2026-03-01 18:22:49,841 | INFO | ✅ Found 125 ASINs via [Stealth]
2026-03-01 18:22:49,880 | INFO | 🎯 Processing 20 new deals...
2026-03-01 18:22:49,951 | INFO | 📦 Checking: B0CTQ4RSMB
2026-03-01 18:22:53,562 | INFO | 📊 B0CTQ4RSMB | ₹199 (MRP ₹?) | 80% OFF | Fitness Mantra® 12 Pairs Sport
2026-03-01 18:22:54,965 | INFO | ✅ Posted: B0CTQ4RSMB (₹199)
2026-03-01 18:23:55,090 | INFO | 🔍 Scraper Cycle Start...
2026-03-01 18:23:56,588 | INFO | ✅ Found 285 ASINs via [Stealth]
2026-03-01 18:23:56,651 | INFO | 🎯 Processing 58 new deals...
2026-03-01 18:23:56,653 | INFO | 📦 Checking: B07MWD4D4W
2026-03-01 18:23:59,982 | INFO | 📊 B07MWD4D4W | ₹388 (MRP ₹2999) | 87% OFF | M MEDLER Epoch Nylon 55 litres
2026-03-01 18:24:01,406 | INFO | ✅ Posted: B07MWD4D4W (₹388)
2026-03-01 18:25:01,500 | INFO | 🔍 Scraper Cycle Start...
2026-03-01 18:25:04,041 | INFO | ✅ Found 268 ASINs via [Stealth]
2026-03-01 18:25:04,066 | INFO | 🎯 Processing 10 new deals...
2026-03-01 18:25:04,095 | INFO | 📦 Checking: B00CBRJ34E
2026-03-01 18:25:06,514 | INFO | 📊 B00CBRJ34E | ₹? (MRP ₹275) | 49% OFF | Parachute Advansed Deep Nouris
2026-03-01 18:25:08,018 | INFO | 📦 Checking: B0DGX12XXV
2026-03-01 18:25:11,870 | INFO | 📊 B0DGX12XXV | ₹? (MRP ₹1299) | 86% OFF | SWAGR 12 Pairs Sports Cotton A
2026-03-01 18:25:13,371 | INFO | 📦 Checking: B0CQ7VNMJY
2026-03-01 18:25:18,788 | INFO | 📊 B0CQ7VNMJY | ₹? (MRP ₹499) | 82% OFF | Fitness Mantra® Sports Winters
2026-03-01 18:25:20,289 | INFO | 📦 Checking: B09NBKYJ6K
2026-03-01 18:25:22,647 | INFO | 📊 B09NBKYJ6K | ₹? (MRP ₹220.00) | 45% OFF | Odonil Bathroom Air Freshener 
2026-03-01 18:25:24,149 | INFO | 📦 Checking: B01LWYDEQ7
2026-03-01 18:25:29,075 | INFO | 📊 B01LWYDEQ7 | ₹189 (MRP ₹545) | 65% OFF | Pigeon Polypropylene Mini Hand
2026-03-01 18:25:30,483 | INFO | ✅ Posted: B01LWYDEQ7 (₹189)
2026-03-01 18:26:30,928 | INFO | 🔍 Scraper Cycle Start...
2026-03-01 18:26:33,183 | INFO | ✅ Found 64 ASINs via [Stealth]
2026-03-01 18:26:33,205 | INFO | 🎯 Processing 56 new deals...
2026-03-01 18:26:33,208 | INFO | 📦 Checking: B0G6CG1B7L
2026-03-01 18:26:36,527 | INFO | 📊 B0G6CG1B7L | ₹999 (MRP ₹?) | 50% OFF | Spigen AlignMaster S Tempered 
2026-03-01 18:26:37,774 | INFO | ✅ Posted: B0G6CG1B7L (₹999)
2026-03-01 18:30:12,908 | INFO | 📡 DNS resolution looks normal.
2026-03-01 18:30:12,909 | INFO | 🖥️ Headless Mode | HF=False
2026-03-01 18:30:12,910 | INFO | 🖥️ Headless Mode Start.
2026-03-01 18:30:22,911 | INFO | 🚀 Resilience v33 Ultra Boots | HF=False
2026-03-01 18:30:22,913 | INFO | 🛠️ Verifying Connection...
2026-03-01 18:30:23,785 | INFO | ✅ Connection OK → @asd3dfghhb_bot
2026-03-01 18:30:23,788 | INFO | 🔍 Scraper Cycle Start...
2026-03-01 18:30:25,561 | INFO | ✅ Found 257 ASINs via [Stealth]
2026-03-01 18:30:25,583 | INFO | 🎯 Processing 8 new deals...
2026-03-01 18:30:25,586 | INFO | 📦 Checking: B0BZVZYXV5
2026-03-01 18:30:30,292 | INFO | 📊 B0BZVZYXV5 | ₹? (MRP ₹1299) | 84% OFF | SJeware Men and Women Solid An
2026-03-01 18:30:31,801 | INFO | 📦 Checking: B0756P63PQ
2026-03-01 18:30:34,969 | INFO | 📊 B0756P63PQ | ₹159 (MRP ₹?) | 59% OFF | Spartan BS-01 5-Pieces Screwdr
2026-03-01 18:30:35,834 | INFO | ✅ Posted: B0756P63PQ (₹159)
2026-03-01 18:31:36,365 | INFO | 🔍 Scraper Cycle Start...
2026-03-01 18:31:38,184 | INFO | ✅ Found 139 ASINs via [Stealth]
2026-03-01 18:31:38,411 | INFO | 🎯 Processing 21 new deals...
2026-03-01 18:31:38,413 | INFO | 📦 Checking: B0DC6J9FF1
2026-03-01 18:31:40,572 | INFO | 📊 B0DC6J9FF1 | ₹119 (MRP ₹400) | 70% OFF | Crompton Galaxy Pixel Light 10
2026-03-01 18:31:42,034 | INFO | ✅ Posted: B0DC6J9FF1 (₹119)
2026-03-01 18:32:42,501 | INFO | 🔍 Scraper Cycle Start...
2026-03-01 18:32:44,778 | INFO | ✅ Found 268 ASINs via [Stealth]
2026-03-01 18:32:44,807 | INFO | 🎯 Processing 8 new deals...
2026-03-01 18:32:44,858 | INFO | 📦 Checking: B0DGX12XXV
2026-03-01 18:32:46,724 | INFO | 📊 B0DGX12XXV | ₹? (MRP ₹1299) | 86% OFF | SWAGR 12 Pairs Sports Cotton A
2026-03-01 18:32:48,227 | INFO | 📦 Checking: B0CR1MXNR9
2026-03-01 18:32:53,307 | INFO | 📊 B0CR1MXNR9 | ₹? (MRP ₹499) | 82% OFF | Fitness Mantra® Sports Winters
2026-03-01 18:32:54,811 | INFO | 📦 Checking: B00HHQASW0
2026-03-01 18:32:58,388 | INFO | 📊 B00HHQASW0 | ₹54.87 (MRP ₹155) | 65% OFF | Philips 9-Watts B22 LED Cool D
2026-03-01 18:32:59,790 | INFO | ✅ Posted: B00HHQASW0 (₹54.87)
2026-03-01 18:34:00,112 | INFO | 🔍 Scraper Cycle Start...
2026-03-01 18:34:01,885 | INFO | ✅ Found 261 ASINs via [Stealth]
2026-03-01 18:34:01,951 | INFO | 🎯 Processing 6 new deals...
2026-03-01 18:34:01,953 | INFO | 📦 Checking: B0CBPBQHNY
2026-03-01 18:34:05,269 | INFO | 📊 B0CBPBQHNY | ₹119 (MRP ₹141) | 16% OFF | Newtone Garbage Bags | Small 1
2026-03-01 18:34:06,160 | INFO | ✅ Posted: B0CBPBQHNY (₹119)
2026-03-01 18:35:06,717 | INFO | 🔍 Scraper Cycle Start...
2026-03-01 18:35:08,797 | INFO | ✅ Found 266 ASINs via [Stealth]
2026-03-01 18:35:08,931 | INFO | 🎯 Processing 8 new deals...
2026-03-01 18:35:08,932 | INFO | 📦 Checking: B0DGX12XXV
2026-03-01 18:35:12,696 | INFO | 📊 B0DGX12XXV | ₹? (MRP ₹1299) | 86% OFF | SWAGR 12 Pairs Sports Cotton A
2026-03-01 18:35:14,197 | INFO | 📦 Checking: B09NBKYJ6K
2026-03-01 18:35:17,429 | INFO | 📊 B09NBKYJ6K | ₹120.00 (MRP ₹?) | 45% OFF | Odonil Bathroom Air Freshener 
2026-03-01 18:35:18,824 | INFO | ✅ Posted: B09NBKYJ6K (₹120.00)
2026-03-01 18:43:44,824 | INFO | 📡 DNS resolution looks normal.
2026-03-01 18:43:44,826 | INFO | 🖥️ Headless Mode | HF=False
2026-03-01 18:43:44,827 | INFO | 🖥️ Headless Mode Start.
2026-03-01 18:43:54,828 | INFO | 🚀 Resilience v33 Ultra Boots | HF=False
2026-03-01 18:43:54,828 | INFO | 🛠️ Verifying Connection...
2026-03-01 18:43:54,829 | INFO | 📡 TG Request via Bridge...
2026-03-01 18:43:55,538 | INFO | ✅ Connection OK → @asd3dfghhb_bot
2026-03-01 18:43:55,540 | INFO | 🔍 Scraper Cycle Start...
2026-03-01 18:43:57,222 | INFO | ✅ Found 261 ASINs via [Stealth]
2026-03-01 18:43:57,224 | INFO | 🎯 Processing 5 new deals...
2026-03-01 18:43:57,224 | INFO | 📦 Checking: B0DHD184H8
2026-03-01 18:44:00,371 | INFO | 📊 B0DHD184H8 | ₹179 (MRP ₹1499) | 88% OFF | ZORO Men's Vegan Leather Belt 
2026-03-01 18:44:00,372 | INFO | 📡 TG Request via Bridge...
2026-03-01 18:44:01,115 | INFO | ✅ Posted: B0DHD184H8 (₹179)
2026-03-01 18:45:01,300 | INFO | 🔍 Scraper Cycle Start...
2026-03-01 18:45:04,337 | INFO | ✅ Found 30 ASINs via [Stealth]
2026-03-01 18:45:04,438 | INFO | 🎯 Processing 27 new deals...
2026-03-01 18:45:04,438 | INFO | 📦 Checking: B0DSKL9MQ8
2026-03-01 18:45:07,396 | INFO | 📊 B0DSKL9MQ8 | ₹122999 (MRP ₹129999) | 5% OFF | Samsung Galaxy S25 Ultra 5G Mo
2026-03-01 18:45:07,396 | INFO | ⏭️ Skip B0DSKL9MQ8 (₹122999 > ₹5000.0)
2026-03-01 18:45:08,898 | INFO | 📦 Checking: B0DQTDJ5MD
2026-03-01 18:45:10,869 | INFO | 📊 B0DQTDJ5MD | ₹? (MRP ₹75850) | 46% OFF | Hitachi 1.5 Ton 5 Star Xpandab
2026-03-01 18:45:12,371 | INFO | 📦 Checking: B0CCY3HLCV
2026-03-01 18:45:18,406 | INFO | 📊 B0CCY3HLCV | ₹? (MRP ₹58990) | 47% OFF | Lloyd 1.5 Ton 3 Star Inverter 
2026-03-01 18:45:19,907 | INFO | 📦 Checking: B0C3LHV43S
2026-03-01 18:45:22,133 | INFO | 📊 B0C3LHV43S | ₹? (MRP ₹53990) | 28% OFF | LG Smart Choice, 9 Kg, 5 Star,
2026-03-01 18:45:23,636 | INFO | 📦 Checking: B0F8343CVL
2026-03-01 18:45:29,147 | INFO | 📊 B0F8343CVL | ₹? (MRP ₹66290) | 40% OFF | LG 139 cm (55 inches) UA82 AI 
2026-03-01 18:45:30,650 | INFO | 📦 Checking: B0GF24NXX8
2026-03-01 18:45:37,762 | INFO | 📊 B0GF24NXX8 | ₹? (MRP ₹39999) | 5% OFF | REDMI Note 15 Pro+ 5G (Coffee 
2026-03-01 18:45:39,263 | INFO | 📦 Checking: B0G7GXMB2Z
2026-03-01 18:45:42,981 | INFO | 📊 B0G7GXMB2Z | ₹33490 (MRP ₹53830) | 38% OFF | Daikin 1.5 Ton 3 Star Inverter
2026-03-01 18:45:42,982 | INFO | ⏭️ Skip B0G7GXMB2Z (₹33490 > ₹5000.0)
2026-03-01 18:45:44,483 | INFO | 📦 Checking: B0CWPBBQ3M
2026-03-01 18:45:46,332 | INFO | 📊 B0CWPBBQ3M | ₹27999 (MRP ₹45999) | 39% OFF | Samsung Galaxy A55 5G (Awesome
2026-03-01 18:45:46,333 | INFO | ⏭️ Skip B0CWPBBQ3M (₹27999 > ₹5000.0)
2026-03-01 18:45:47,834 | INFO | 📦 Checking: B0FTR2PJTV
2026-03-01 18:45:51,033 | INFO | 📊 B0FTR2PJTV | ₹79998 (MRP ₹96999) | 18% OFF | OnePlus 15 | 16GB+512GB | Sand
2026-03-01 18:45:51,034 | INFO | ⏭️ Skip B0FTR2PJTV (₹79998 > ₹5000.0)
2026-03-01 18:45:52,535 | INFO | 📦 Checking: B0GCKCSDKM
2026-03-01 18:45:56,464 | INFO | 📊 B0GCKCSDKM | ₹41990 (MRP ₹61940) | 32% OFF | Daikin 1.5 Ton 5 Star Inverter
2026-03-01 18:45:56,466 | INFO | ⏭️ Skip B0GCKCSDKM (₹41990 > ₹5000.0)
2026-03-01 18:45:57,968 | INFO | 📦 Checking: B0GGPD93C1
2026-03-01 18:46:00,906 | INFO | 📊 B0GGPD93C1 | ₹15490 (MRP ₹20950) | 26% OFF | Whirlpool 192 L 3 Star Vitamag
2026-03-01 18:46:00,906 | INFO | ⏭️ Skip B0GGPD93C1 (₹15490 > ₹5000.0)
2026-03-01 18:46:02,408 | INFO | 📦 Checking: B0F6TN4K15
2026-03-01 18:46:06,515 | INFO | 📊 B0F6TN4K15 | ₹33990 (MRP ₹54900) | 38% OFF | Godrej 1.5 Ton 5 Star, 5 Years
2026-03-01 18:46:06,518 | INFO | ⏭️ Skip B0F6TN4K15 (₹33990 > ₹5000.0)
2026-03-01 18:46:08,029 | INFO | 📦 Checking: B0G91PGPDW
2026-03-01 18:46:10,874 | INFO | 📊 B0G91PGPDW | ₹37999 (MRP ₹46999) | 19% OFF | Oppo Reno15c 5G (Afterglow Pin
2026-03-01 18:46:10,874 | INFO | ⏭️ Skip B0G91PGPDW (₹37999 > ₹5000.0)
2026-03-01 18:46:12,375 | INFO | 📦 Checking: B0FM3C4L2F
2026-03-01 18:46:18,345 | INFO | 📊 B0FM3C4L2F | ₹? (MRP ₹83990) | 20% OFF | ASUS TUF A15 (2025), AMD Ryzen
2026-03-01 18:46:19,848 | INFO | 📦 Checking: B0DQTBQV3C
2026-03-01 18:46:27,466 | INFO | 📊 B0DQTBQV3C | ₹? (MRP ₹63850) | 49% OFF | Hitachi 1.5 Ton 3 Star Xpandab
2026-03-01 18:46:28,968 | WARNING | 📉 No qualifying deals found.
2026-03-01 18:47:29,066 | INFO | 🔍 Scraper Cycle Start...
2026-03-01 18:47:31,269 | INFO | ✅ Found 283 ASINs via [Stealth]
2026-03-01 18:47:31,272 | INFO | 🎯 Processing 52 new deals...
2026-03-01 18:47:31,273 | INFO | 📦 Checking: B06VX8YR6Q
2026-03-01 18:47:37,025 | INFO | 📊 B06VX8YR6Q | ₹? (MRP ₹216) | 22% OFF | Ezee Live Life Ezee Way Black 
2026-03-01 18:47:38,526 | INFO | 📦 Checking: B00IZ936HM
2026-03-01 18:47:41,523 | INFO | 📊 B00IZ936HM | ₹285 (MRP ₹324) | 12% OFF | SPARX Mens Sf0014G Slippers
2026-03-01 18:47:41,526 | INFO | 📡 TG Request via Bridge...
2026-03-01 18:47:43,071 | INFO | ✅ Posted: B00IZ936HM (₹285)
2026-03-01 18:48:43,250 | INFO | 🔍 Scraper Cycle Start...
2026-03-01 18:48:44,800 | INFO | ✅ Found 290 ASINs via [Stealth]
2026-03-01 18:48:44,910 | INFO | 🎯 Processing 50 new deals...
2026-03-01 18:48:44,913 | INFO | 📦 Checking: B0CPPVY3T4
2026-03-01 18:48:47,897 | INFO | 📊 B0CPPVY3T4 | ₹249 (MRP ₹2499) | 90% OFF | PRIME DEALS Magnetic Sticks Bu
2026-03-01 18:48:47,898 | INFO | 📡 TG Request via Bridge...
2026-03-01 18:48:49,250 | INFO | ✅ Posted: B0CPPVY3T4 (₹249)
2026-03-01 18:49:49,437 | INFO | 🔍 Scraper Cycle Start...
2026-03-01 18:49:52,186 | INFO | ✅ Found 267 ASINs via [Stealth]
2026-03-01 18:49:52,330 | INFO | 🎯 Processing 7 new deals...
2026-03-01 18:49:52,331 | INFO | 📦 Checking: B0CR1MXNR9
2026-03-01 18:49:56,474 | INFO | 📊 B0CR1MXNR9 | ₹89 (MRP ₹499) | 82% OFF | Fitness Mantra® Sports Winters
2026-03-01 18:49:56,475 | INFO | 📡 TG Request via Bridge...
2026-03-01 18:49:57,357 | INFO | ✅ Posted: B0CR1MXNR9 (₹89)
2026-03-01 18:50:57,461 | INFO | 🔍 Scraper Cycle Start...
2026-03-01 18:50:59,962 | INFO | ✅ Found 277 ASINs via [Stealth]
2026-03-01 18:50:59,984 | INFO | 🎯 Processing 5 new deals...
2026-03-01 18:50:59,984 | INFO | 📦 Checking: B0BZVZYXV5
2026-03-01 18:51:03,207 | INFO | 📊 B0BZVZYXV5 | ₹209 (MRP ₹?) | 84% OFF | SJeware Men and Women Solid An
2026-03-01 18:51:03,208 | INFO | 📡 TG Request via Bridge...
2026-03-01 18:51:04,652 | INFO | ✅ Posted: B0BZVZYXV5 (₹209)
2026-03-01 18:52:04,811 | INFO | 🔍 Scraper Cycle Start...
2026-03-01 18:52:08,358 | INFO | ✅ Found 264 ASINs via [Stealth]
2026-03-01 18:52:08,401 | INFO | 🎯 Processing 7 new deals...
2026-03-01 18:52:08,412 | INFO | 📦 Checking: B0DGX12XXV
2026-03-01 18:52:12,998 | INFO | 📊 B0DGX12XXV | ₹? (MRP ₹1299) | 86% OFF | SWAGR 12 Pairs Sports Cotton A
2026-03-01 18:52:14,499 | INFO | 📦 Checking: B0CNW8YPK4
2026-03-01 18:52:20,774 | INFO | 📊 B0CNW8YPK4 | ₹? (MRP ₹102) | 6% OFF | Ganesh Spark Gas Lighter for K
2026-03-01 18:52:22,275 | INFO | 📦 Checking: B0CQ7VNMJY
2026-03-01 18:52:24,655 | INFO | 📊 B0CQ7VNMJY | ₹? (MRP ₹499) | 82% OFF | Fitness Mantra® Sports Winters
2026-03-01 18:52:26,157 | INFO | 📦 Checking: B06VX8YR6Q
2026-03-01 18:52:29,484 | INFO | 📊 B06VX8YR6Q | ₹? (MRP ₹216) | 22% OFF | Ezee Live Life Ezee Way Black 
2026-03-01 18:52:30,986 | INFO | 📦 Checking: B00CBRJ34E
2026-03-01 18:52:36,481 | INFO | 📊 B00CBRJ34E | ₹? (MRP ₹275) | 49% OFF | Parachute Advansed Deep Nouris
2026-03-01 18:52:37,985 | INFO | 📦 Checking: B0C4YV7B59
2026-03-01 18:52:43,170 | INFO | 📊 B0C4YV7B59 | ₹? (MRP ₹?) | DEAL OFF | Snow Proof Inside Fur Wool Uni
2026-03-01 18:52:44,678 | INFO | 📦 Checking: B00YUNKKP8
2026-03-01 18:52:49,208 | INFO | 📊 B00YUNKKP8 | ₹165 (MRP ₹825) | 25% OFF | Hit Anti Roach Gel - Cockroach
2026-03-01 18:52:49,209 | INFO | 📡 TG Request via Bridge...
2026-03-01 18:52:50,699 | INFO | ✅ Posted: B00YUNKKP8 (₹165)
2026-03-01 18:53:50,846 | INFO | 🔍 Scraper Cycle Start...
2026-03-01 18:53:53,675 | INFO | ✅ Found 66 ASINs via [Stealth]
2026-03-01 18:53:53,709 | INFO | 🎯 Processing 59 new deals...
2026-03-01 18:53:53,714 | INFO | 📦 Checking: B0FT8HVP1D
2026-03-01 18:53:55,521 | INFO | 📊 B0FT8HVP1D | ₹? (MRP ₹75000) | 45% OFF | Blue Star 1.5 Ton 5 Star, 60 M
2026-03-01 18:53:57,022 | INFO | 📦 Checking: B0CJFYGZNR
2026-03-01 18:54:00,153 | INFO | 📊 B0CJFYGZNR | ₹799 (MRP ₹?) | 47% OFF | EM5 Rose Des Vents EDP Perfume
2026-03-01 18:54:00,154 | INFO | 📡 TG Request via Bridge...
2026-03-01 18:54:01,453 | INFO | ✅ Posted: B0CJFYGZNR (₹799)
2026-03-01 18:55:01,652 | INFO | 🔍 Scraper Cycle Start...
2026-03-01 18:55:03,573 | INFO | ✅ Found 259 ASINs via [Stealth]
2026-03-01 18:55:03,596 | INFO | 🎯 Processing 2 new deals...
2026-03-01 18:55:03,596 | INFO | 📦 Checking: B0CPXCDG65
2026-03-01 18:55:06,782 | INFO | 📊 B0CPXCDG65 | ₹271 (MRP ₹349) | 22% OFF | Monopoly Deal Card Game | Quic
2026-03-01 18:55:06,785 | INFO | 📡 TG Request via Bridge...
2026-03-01 18:55:07,631 | INFO | ✅ Posted: B0CPXCDG65 (₹271)
2026-03-01 18:56:07,897 | INFO | 🔍 Scraper Cycle Start...
2026-03-01 18:56:09,803 | INFO | ✅ Found 271 ASINs via [Stealth]
2026-03-01 18:56:09,831 | INFO | 🎯 Processing 41 new deals...
2026-03-01 18:56:09,831 | INFO | 📦 Checking: B09GPKXPG6
2026-03-01 18:56:15,170 | INFO | 📊 B09GPKXPG6 | ₹? (MRP ₹1199) | 73% OFF | Status Contract Anti Slip Fron
2026-03-01 18:56:16,672 | INFO | 📦 Checking: B07RNDHDWM
2026-03-01 18:56:20,920 | INFO | 📊 B07RNDHDWM | ₹? (MRP ₹599) | 53% OFF | ARKYLE Winter Socks for Men Th
2026-03-01 18:56:22,422 | INFO | 📦 Checking: B0DBDXL6JF
2026-03-01 18:56:27,832 | INFO | 📊 B0DBDXL6JF | ₹? (MRP ₹899) | 66% OFF | Storite Moisture Proof Nylon L
2026-03-01 18:56:29,337 | INFO | 📦 Checking: B0FBS96NHT
2026-03-01 18:56:32,929 | INFO | 📊 B0FBS96NHT | ₹? (MRP ₹999) | 80% OFF | Sweat-Free Summer Riding Gear 
2026-03-01 18:56:34,430 | INFO | 📦 Checking: B079L6T1KM
2026-03-01 18:56:38,940 | INFO | 📊 B079L6T1KM | ₹309 (MRP ₹1199) | 74% OFF | Storite Nylon Big Underbed Sto
2026-03-01 18:56:38,944 | INFO | 📡 TG Request via Bridge...
2026-03-01 18:56:39,918 | INFO | ✅ Posted: B079L6T1KM (₹309)
2026-03-01 18:57:40,173 | INFO | 🔍 Scraper Cycle Start...
2026-03-01 18:57:42,582 | INFO | ✅ Found 260 ASINs via [Stealth]
2026-03-01 18:57:42,608 | INFO | 🎯 Processing 2 new deals...
2026-03-01 18:57:42,613 | INFO | 📦 Checking: B07DWKC8TB
2026-03-01 18:57:46,581 | INFO | 📊 B07DWKC8TB | ₹155 (MRP ₹?) | 9% OFF | Scotch-Brite Small wiper for K
2026-03-01 18:57:46,584 | INFO | 📡 TG Request via Bridge...
2026-03-01 18:57:47,711 | INFO | ✅ Posted: B07DWKC8TB (₹155)
2026-03-01 18:58:47,887 | INFO | 🔍 Scraper Cycle Start...
2026-03-01 18:58:51,432 | INFO | ✅ Found 266 ASINs via [Stealth]
2026-03-01 18:58:51,462 | INFO | 🎯 Processing 5 new deals...
2026-03-01 18:58:51,466 | INFO | 📦 Checking: B00CBRJ34E
2026-03-01 18:58:55,355 | INFO | 📊 B00CBRJ34E | ₹140 (MRP ₹?) | 49% OFF | Parachute Advansed Deep Nouris
2026-03-01 18:58:55,356 | INFO | 📡 TG Request via Bridge...
2026-03-01 18:58:56,742 | INFO | ✅ Posted: B00CBRJ34E (₹140)
2026-03-01 18:59:56,834 | INFO | 🔍 Scraper Cycle Start...
2026-03-01 18:59:59,343 | INFO | ✅ Found 257 ASINs via [Stealth]
2026-03-01 18:59:59,402 | INFO | 🎯 Processing 1 new deals...
2026-03-01 18:59:59,404 | INFO | 📦 Checking: B0DGX12XXV
2026-03-01 19:00:02,359 | INFO | 📊 B0DGX12XXV | ₹176 (MRP ₹?) | 86% OFF | SWAGR 12 Pairs Sports Cotton A
2026-03-01 19:00:02,360 | INFO | 📡 TG Request via Bridge...
2026-03-01 19:00:03,108 | INFO | ✅ Posted: B0DGX12XXV (₹176)
2026-03-01 19:01:03,308 | INFO | 🔍 Scraper Cycle Start...
2026-03-01 19:01:05,833 | INFO | ✅ Found 30 ASINs via [Stealth]
2026-03-01 19:01:05,864 | INFO | 🎯 Processing 28 new deals...
2026-03-01 19:01:05,885 | INFO | 📦 Checking: B0FCMKNCJ4
2026-03-01 19:01:09,057 | INFO | 📊 B0FCMKNCJ4 | ₹26997 (MRP ₹30999) | 13% OFF | OnePlus Nord CE5 | MediaTek Di
2026-03-01 19:01:09,058 | INFO | ⏭️ Skip B0FCMKNCJ4 (₹26997 > ₹5000.0)
2026-03-01 19:01:10,559 | INFO | 📦 Checking: B0FTR2PJTV
2026-03-01 19:01:13,439 | INFO | 📊 B0FTR2PJTV | ₹79998 (MRP ₹96999) | 18% OFF | OnePlus 15 | 16GB+512GB | Sand
2026-03-01 19:01:13,440 | INFO | ⏭️ Skip B0FTR2PJTV (₹79998 > ₹5000.0)
2026-03-01 19:01:14,942 | INFO | 📦 Checking: B0GCKCSDKM
2026-03-01 19:01:20,629 | INFO | 📊 B0GCKCSDKM | ₹? (MRP ₹61940) | 32% OFF | Daikin 1.5 Ton 5 Star Inverter
2026-03-01 19:01:22,134 | INFO | 📦 Checking: B08X72GY5Q
2026-03-01 19:01:27,901 | INFO | 📊 B08X72GY5Q | ₹? (MRP ₹37099) | 33% OFF | LG 242 L 3 Star Smart Inverter
2026-03-01 19:01:29,402 | INFO | 📦 Checking: B0DSKMKJV5
2026-03-01 19:01:32,388 | INFO | 📊 B0DSKMKJV5 | ₹134999 (MRP ₹141999) | 5% OFF | Samsung Galaxy S25 Ultra 5G Mo
2026-03-01 19:01:32,388 | INFO | ⏭️ Skip B0DSKMKJV5 (₹134999 > ₹5000.0)
2026-03-01 19:01:33,890 | INFO | 📦 Checking: B0G4CHKBGP
2026-03-01 19:01:40,798 | INFO | 📊 B0G4CHKBGP | ₹? (MRP ₹26999) | 33% OFF | Native by Urban Company M2 PRO
2026-03-01 19:01:42,299 | INFO | 📦 Checking: B0F4QRFDV9
2026-03-01 19:01:46,987 | INFO | 📊 B0F4QRFDV9 | ₹9740 (MRP ₹23126) | 58% OFF | Nilkamal SLEEP Lite Dual Comfo
2026-03-01 19:01:46,988 | INFO | ⏭️ Skip B0F4QRFDV9 (₹9740 > ₹5000.0)
2026-03-01 19:01:48,489 | INFO | 📦 Checking: B0G7GXMB2Z
2026-03-01 19:01:51,706 | INFO | 📊 B0G7GXMB2Z | ₹33490 (MRP ₹53830) | 38% OFF | Daikin 1.5 Ton 3 Star Inverter
2026-03-01 19:01:51,707 | INFO | ⏭️ Skip B0G7GXMB2Z (₹33490 > ₹5000.0)
2026-03-01 19:01:53,209 | INFO | 📦 Checking: B0GF22T5WM
2026-03-01 19:01:55,145 | INFO | 📊 B0GF22T5WM | ₹? (MRP ₹34999) | 9% OFF | REDMI Note 15 Pro 5G (Silver A
2026-03-01 19:01:56,647 | INFO | 📦 Checking: B0G58WMC69
2026-03-01 19:02:02,501 | INFO | 📊 B0G58WMC69 | ₹? (MRP ₹78990) | 47% OFF | LG 1.5 Ton 5 Star DUAL Inverte
2026-03-01 19:02:04,005 | INFO | 📦 Checking: B0DQTDJ5MD
2026-03-01 19:02:06,555 | INFO | 📊 B0DQTDJ5MD | ₹40750 (MRP ₹75850) | 46% OFF | Hitachi 1.5 Ton 5 Star Xpandab
2026-03-01 19:02:06,556 | INFO | ⏭️ Skip B0DQTDJ5MD (₹40750 > ₹5000.0)
2026-03-01 19:02:08,057 | INFO | 📦 Checking: B0DQTBQV3C
2026-03-01 19:02:11,749 | INFO | 📊 B0DQTBQV3C | ₹32690 (MRP ₹63850) | 49% OFF | Hitachi 1.5 Ton 3 Star Xpandab
2026-03-01 19:02:11,749 | INFO | ⏭️ Skip B0DQTBQV3C (₹32690 > ₹5000.0)
2026-03-01 19:02:13,251 | INFO | 📦 Checking: B0DPHTSTYJ
2026-03-01 19:02:17,026 | INFO | 📊 B0DPHTSTYJ | ₹19990 (MRP ₹28990) | 31% OFF | LG 8 Kg 5 Star Smart Inverter 
2026-03-01 19:02:17,027 | INFO | ⏭️ Skip B0DPHTSTYJ (₹19990 > ₹5000.0)
2026-03-01 19:02:18,528 | INFO | 📦 Checking: B0BZ12FPM1
2026-03-01 19:02:24,776 | INFO | 📊 B0BZ12FPM1 | ₹? (MRP ₹101990) | 43% OFF | Haier 596L 3Star 2 Door Side b
2026-03-01 19:02:26,277 | INFO | 📦 Checking: B0C3LHV43S
2026-03-01 19:02:29,086 | INFO | 📊 B0C3LHV43S | ₹? (MRP ₹53990) | 28% OFF | LG Smart Choice, 9 Kg, 5 Star,
2026-03-01 19:02:30,587 | WARNING | 📉 No qualifying deals found.
2026-03-01 19:03:30,759 | INFO | 🔍 Scraper Cycle Start...
2026-03-01 19:03:32,578 | INFO | ✅ Found 261 ASINs via [Stealth]
2026-03-01 19:03:32,579 | INFO | ♻️ No new deals to post.
2026-03-01 19:04:32,800 | INFO | 🔍 Scraper Cycle Start...
2026-03-01 19:04:34,657 | INFO | ✅ Found 259 ASINs via [Stealth]
2026-03-01 19:04:34,661 | INFO | ♻️ No new deals to post.
2026-03-01 19:05:34,822 | INFO | 🔍 Scraper Cycle Start...
2026-03-01 19:05:37,482 | INFO | ✅ Found 262 ASINs via [Stealth]
2026-03-01 19:05:37,486 | INFO | ♻️ No new deals to post.
2026-03-01 19:06:37,665 | INFO | 🔍 Scraper Cycle Start...
2026-03-01 19:06:39,502 | INFO | ✅ Found 287 ASINs via [Stealth]
2026-03-01 19:06:39,506 | INFO | 🎯 Processing 50 new deals...
2026-03-01 19:06:39,511 | INFO | 📦 Checking: B07QNJCYQM
2026-03-01 19:06:42,676 | INFO | 📊 B07QNJCYQM | ₹368 (MRP ₹?) | 83% OFF | Storite 2 Pack Nylon Wardrobe 
2026-03-01 19:06:42,677 | INFO | 📡 TG Request via Bridge...
2026-03-01 19:06:44,275 | INFO | ✅ Posted: B07QNJCYQM (₹368)
2026-03-01 19:07:44,358 | INFO | 🔍 Scraper Cycle Start...
2026-03-01 19:07:46,136 | INFO | ✅ Found 257 ASINs via [Stealth]
2026-03-01 19:07:46,188 | INFO | ♻️ No new deals to post.
2026-03-01 19:08:46,318 | INFO | 🔍 Scraper Cycle Start...
2026-03-01 19:08:48,809 | INFO | ✅ Found 266 ASINs via [Stealth]
2026-03-01 19:08:48,817 | INFO | 🎯 Processing 3 new deals...
2026-03-01 19:08:48,821 | INFO | 📦 Checking: B0BSNRF8KM
2026-03-01 19:08:52,580 | INFO | 📊 B0BSNRF8KM | ₹? (MRP ₹499) | 76% OFF | SJeware Polyester 5 Pairs Soli
2026-03-01 19:08:54,084 | INFO | 📦 Checking: B06VX8YR6Q
2026-03-01 19:08:58,125 | INFO | 📊 B06VX8YR6Q | ₹169 (MRP ₹216) | 22% OFF | Ezee Live Life Ezee Way Black 
2026-03-01 19:08:58,126 | INFO | 📡 TG Request via Bridge...
2026-03-01 19:08:58,922 | INFO | ✅ Posted: B06VX8YR6Q (₹169)
2026-03-01 19:09:59,015 | INFO | 🔍 Scraper Cycle Start...
2026-03-01 19:10:01,807 | INFO | ✅ Found 65 ASINs via [Stealth]
2026-03-01 19:10:01,837 | INFO | 🎯 Processing 58 new deals...
2026-03-01 19:10:01,841 | INFO | 📦 Checking: B0FT8HVP1D
2026-03-01 19:10:05,015 | INFO | 📊 B0FT8HVP1D | ₹40990 (MRP ₹4099000) | 45% OFF | Blue Star 1.5 Ton 5 Star, 60 M
2026-03-01 19:10:05,026 | INFO | ⏭️ Skip B0FT8HVP1D (₹40990 > ₹5000.0)
2026-03-01 19:10:06,535 | INFO | 📦 Checking: B0983S9XDM
2026-03-01 19:10:10,325 | INFO | 📊 B0983S9XDM | ₹658 (MRP ₹?) | 34% OFF | Rasayanam Ashwagandha KSM-66® 
2026-03-01 19:10:10,326 | INFO | 📡 TG Request via Bridge...
2026-03-01 19:10:11,668 | INFO | ✅ Posted: B0983S9XDM (₹658)
2026-03-01 19:11:11,815 | INFO | 🔍 Scraper Cycle Start...
2026-03-01 19:11:13,876 | INFO | ✅ Found 262 ASINs via [Stealth]
2026-03-01 19:11:13,920 | INFO | ♻️ No new deals to post.
2026-03-01 19:12:14,064 | INFO | 🔍 Scraper Cycle Start...
2026-03-01 19:12:15,682 | INFO | ✅ Found 286 ASINs via [Stealth]
2026-03-01 19:12:15,686 | INFO | 🎯 Processing 49 new deals...
2026-03-01 19:12:15,687 | INFO | 📦 Checking: B0GG73NWZD
2026-03-01 19:12:20,457 | INFO | 📊 B0GG73NWZD | ₹149 (MRP ₹248.33) | 70% OFF | Shoe Repair Glue, 60ml Waterpr
2026-03-01 19:12:20,458 | INFO | 📡 TG Request via Bridge...
2026-03-01 19:12:21,838 | INFO | ✅ Posted: B0GG73NWZD (₹149)
2026-03-01 19:13:21,958 | INFO | 🔍 Scraper Cycle Start...
2026-03-01 19:13:25,841 | INFO | ✅ Found 65 ASINs via [Stealth]
2026-03-01 19:13:25,870 | INFO | 🎯 Processing 57 new deals...
2026-03-01 19:13:25,875 | INFO | 📦 Checking: B0GF22T5WM
2026-03-01 19:13:28,052 | INFO | 📊 B0GF22T5WM | ₹? (MRP ₹34999) | 9% OFF | REDMI Note 15 Pro 5G (Silver A
2026-03-01 19:13:29,561 | INFO | 📦 Checking: B0FCCBV2R3
2026-03-01 19:13:34,676 | INFO | 📊 B0FCCBV2R3 | ₹? (MRP ₹1749) | 43% OFF | STITCHNEST Quilted Velvet Sofa
2026-03-01 19:13:36,178 | INFO | 📦 Checking: B0FM38SKN8
2026-03-01 19:13:39,088 | INFO | 📊 B0FM38SKN8 | ₹89990 (MRP ₹114990) | 22% OFF | ASUS TUF A16 (2025), AMD Ryzen
2026-03-01 19:13:39,089 | INFO | ⏭️ Skip B0FM38SKN8 (₹89990 > ₹5000.0)
2026-03-01 19:13:40,590 | INFO | 📦 Checking: B0FT8HVP1D
2026-03-01 19:13:43,355 | INFO | 📊 B0FT8HVP1D | ₹40990 (MRP ₹4099000) | 45% OFF | Blue Star 1.5 Ton 5 Star, 60 M
2026-03-01 19:13:43,356 | INFO | ⏭️ Skip B0FT8HVP1D (₹40990 > ₹5000.0)
2026-03-01 19:13:44,861 | INFO | 📦 Checking: B0CST7M6HS
2026-03-01 19:13:49,347 | INFO | 📊 B0CST7M6HS | ₹? (MRP ₹1100) | 50% OFF | Beco Natural Liquid Detergent 
2026-03-01 19:13:50,848 | INFO | 📦 Checking: B0FZSWZZW2
2026-03-01 19:13:52,707 | INFO | 📊 B0FZSWZZW2 | ₹? (MRP ₹54999) | 13% OFF | OnePlus 15R | 12GB+256GB | Cha
2026-03-01 19:13:54,316 | INFO | 📦 Checking: B07YWZMJFP
2026-03-01 19:13:57,195 | INFO | 📊 B07YWZMJFP | ₹836 (MRP ₹1499) | 44% OFF | LifeKrafts Polyester Magnetic 
2026-03-01 19:13:57,196 | INFO | 📡 TG Request via Bridge...
2026-03-01 19:13:58,755 | INFO | ✅ Posted: B07YWZMJFP (₹836)
2026-03-01 19:14:58,832 | INFO | 🔍 Scraper Cycle Start...
2026-03-01 19:15:01,451 | INFO | ✅ Found 284 ASINs via [Stealth]
2026-03-01 19:15:01,477 | INFO | 🎯 Processing 51 new deals...
2026-03-01 19:15:01,477 | INFO | 📦 Checking: B0FNDDR96X
2026-03-01 19:15:04,363 | INFO | 📊 B0FNDDR96X | ₹245.06 (MRP ₹599) | 59% OFF | Cortina Pack of 2 Quick Dry Wa
2026-03-01 19:15:04,367 | INFO | 📡 TG Request via Bridge...
2026-03-01 19:15:05,493 | INFO | ✅ Posted: B0FNDDR96X (₹245.06)
2026-03-01 19:16:05,683 | INFO | 🔍 Scraper Cycle Start...
2026-03-01 19:16:08,241 | INFO | ✅ Found 285 ASINs via [Stealth]
2026-03-01 19:16:08,258 | INFO | 🎯 Processing 47 new deals...
2026-03-01 19:16:08,258 | INFO | 📦 Checking: B083TG9VFK
2026-03-01 19:16:12,253 | INFO | 📊 B083TG9VFK | ₹358 (MRP ₹1499) | 76% OFF | NAPA HIDE Leather Wallet for M
2026-03-01 19:16:12,255 | INFO | 📡 TG Request via Bridge...
2026-03-01 19:16:13,203 | INFO | ✅ Posted: B083TG9VFK (₹358)
2026-03-01 19:17:13,371 | INFO | 🔍 Scraper Cycle Start...
2026-03-01 19:17:15,523 | INFO | ✅ Found 282 ASINs via [Stealth]
2026-03-01 19:17:15,544 | INFO | 🎯 Processing 41 new deals...
2026-03-01 19:17:15,545 | INFO | 📦 Checking: B01LXH98OZ
2026-03-01 19:17:19,115 | INFO | 📊 B01LXH98OZ | ₹142 (MRP ₹599) | 76% OFF | Status Contract Anti Slip Fron
2026-03-01 19:17:19,117 | INFO | 📡 TG Request via Bridge...
2026-03-01 19:17:20,681 | INFO | ✅ Posted: B01LXH98OZ (₹142)
2026-03-01 19:18:20,865 | INFO | 🔍 Scraper Cycle Start...
2026-03-01 19:18:23,555 | INFO | ✅ Found 268 ASINs via [Stealth]
2026-03-01 19:18:23,574 | INFO | 🎯 Processing 2 new deals...
2026-03-01 19:18:23,576 | INFO | 📦 Checking: B0CQ7VNMJY
2026-03-01 19:18:28,991 | INFO | 📊 B0CQ7VNMJY | ₹? (MRP ₹499) | 82% OFF | Fitness Mantra® Sports Winters
2026-03-01 19:18:30,504 | INFO | 📦 Checking: B0CNW8YPK4
2026-03-01 19:18:35,438 | INFO | 📊 B0CNW8YPK4 | ₹? (MRP ₹102) | 6% OFF | Ganesh Spark Gas Lighter for K
2026-03-01 19:18:36,941 | WARNING | 📉 No qualifying deals found.
2026-03-01 19:19:37,076 | INFO | 🔍 Scraper Cycle Start...
2026-03-01 19:19:40,190 | INFO | ✅ Found 289 ASINs via [Stealth]
2026-03-01 19:19:40,193 | INFO | 🎯 Processing 45 new deals...
2026-03-01 19:19:40,195 | INFO | 📦 Checking: B09GPKXPG6
2026-03-01 19:19:45,639 | INFO | 📊 B09GPKXPG6 | ₹? (MRP ₹1199) | 73% OFF | Status Contract Anti Slip Fron
2026-03-01 19:19:47,140 | INFO | 📦 Checking: B0DQH8XW9R
2026-03-01 19:19:50,662 | INFO | 📊 B0DQH8XW9R | ₹? (MRP ₹1999) | 88% OFF | Shoe Washing Bags for Washing 
2026-03-01 19:19:52,164 | INFO | 📦 Checking: B00IZ932WG
2026-03-01 19:19:54,319 | INFO | 📊 B00IZ932WG | ₹? (MRP ₹324) | 11% OFF | SPARX Mens Sf0014G Slippers
2026-03-01 19:19:55,820 | INFO | 📦 Checking: B00RFFG2C8
2026-03-01 19:20:01,607 | INFO | 📊 B00RFFG2C8 | ₹? (MRP ₹399) | 52% OFF | Cute 4-Digit Safe PIN Hand Bag
2026-03-01 19:20:03,109 | INFO | 📦 Checking: B07RPGBH9X
2026-03-01 19:20:05,192 | INFO | 📊 B07RPGBH9X | ₹271 (MRP ₹599) | 55% OFF | ARKYLE Winter Socks for Men Th
2026-03-01 19:20:05,192 | INFO | 📡 TG Request via Bridge...
2026-03-01 19:20:07,465 | INFO | ✅ Posted: B07RPGBH9X (₹271)
2026-03-01 19:21:07,586 | INFO | 🔍 Scraper Cycle Start...
2026-03-01 19:21:09,036 | INFO | ✅ Found 285 ASINs via [Stealth]
2026-03-01 19:21:09,057 | INFO | 🎯 Processing 39 new deals...
2026-03-01 19:21:09,057 | INFO | 📦 Checking: B00IZ932WG
2026-03-01 19:21:13,847 | INFO | 📊 B00IZ932WG | ₹289 (MRP ₹324) | 11% OFF | SPARX Mens Sf0014G Slippers
2026-03-01 19:21:13,848 | INFO | 📡 TG Request via Bridge...
2026-03-01 19:21:15,351 | INFO | ✅ Posted: B00IZ932WG (₹289)
2026-03-01 19:22:15,450 | INFO | 🔍 Scraper Cycle Start...
2026-03-01 19:22:18,032 | INFO | ✅ Found 266 ASINs via [Stealth]
2026-03-01 19:22:18,083 | INFO | 🎯 Processing 2 new deals...
2026-03-01 19:22:18,084 | INFO | 📦 Checking: B0BSNRF8KM
2026-03-01 19:22:21,998 | INFO | 📊 B0BSNRF8KM | ₹? (MRP ₹499) | 76% OFF | SJeware Polyester 5 Pairs Soli
2026-03-01 19:22:23,504 | INFO | 📦 Checking: B0CQ7VNMJY
2026-03-01 19:22:28,669 | INFO | 📊 B0CQ7VNMJY | ₹? (MRP ₹499) | 82% OFF | Fitness Mantra® Sports Winters
2026-03-01 19:22:30,171 | WARNING | 📉 No qualifying deals found.
2026-03-01 19:23:30,317 | INFO | 🔍 Scraper Cycle Start...
2026-03-01 19:23:31,933 | INFO | ✅ Found 290 ASINs via [Stealth]
2026-03-01 19:23:31,935 | INFO | 🎯 Processing 43 new deals...
2026-03-01 19:23:31,936 | INFO | 📦 Checking: B0DY4WPWJF
2026-03-01 19:23:37,214 | INFO | 📊 B0DY4WPWJF | ₹? (MRP ₹1200) | 58% OFF | PRIME DEALS 2 USB Universal Tr
2026-03-01 19:23:38,716 | INFO | 📦 Checking: B09Y3FTQZP
2026-03-01 19:23:43,348 | INFO | 📊 B09Y3FTQZP | ₹? (MRP ₹?) | DEAL OFF | SPARX Mens Sf0014G Slippers
2026-03-01 19:23:44,851 | INFO | 📦 Checking: B07RNDJX1F
2026-03-01 19:23:47,778 | INFO | 📊 B07RNDJX1F | ₹284 (MRP ₹599) | 53% OFF | ARKYLE Winter Socks for Men Th
2026-03-01 19:23:47,781 | INFO | 📡 TG Request via Bridge...
2026-03-01 19:23:49,226 | INFO | ✅ Posted: B07RNDJX1F (₹284)
2026-03-01 19:24:49,381 | INFO | 🔍 Scraper Cycle Start...
2026-03-01 19:24:51,522 | INFO | ✅ Found 290 ASINs via [Stealth]
2026-03-01 19:24:52,006 | INFO | 🎯 Processing 6 new deals...
2026-03-01 19:24:52,007 | INFO | 📦 Checking: B0CNW8YPK4
2026-03-01 19:24:54,089 | INFO | 📊 B0CNW8YPK4 | ₹? (MRP ₹102) | 6% OFF | Ganesh Spark Gas Lighter for K
2026-03-01 19:24:55,590 | INFO | 📦 Checking: B0F9LBFY1Y
2026-03-01 19:24:59,600 | INFO | 📊 B0F9LBFY1Y | ₹289 (MRP ₹?) | 81% OFF | Zulaxy Big Size Transparent Wa
2026-03-01 19:24:59,601 | INFO | 📡 TG Request via Bridge...
2026-03-01 19:25:00,665 | INFO | ✅ Posted: B0F9LBFY1Y (₹289)
2026-03-01 19:26:00,769 | INFO | 🔍 Scraper Cycle Start...
2026-03-01 19:26:03,198 | INFO | ✅ Found 267 ASINs via [Stealth]
2026-03-01 19:26:03,241 | INFO | 🎯 Processing 2 new deals...
2026-03-01 19:26:03,259 | INFO | 📦 Checking: B0CQ7VNMJY
2026-03-01 19:26:08,587 | INFO | 📊 B0CQ7VNMJY | ₹? (MRP ₹499) | 82% OFF | Fitness Mantra® Sports Winters
2026-03-01 19:26:10,091 | INFO | 📦 Checking: B0C4YV7B59
2026-03-01 19:26:13,347 | INFO | 📊 B0C4YV7B59 | ₹? (MRP ₹?) | DEAL OFF | Snow Proof Inside Fur Wool Uni
2026-03-01 19:26:14,849 | WARNING | 📉 No qualifying deals found.
2026-03-01 19:27:14,943 | INFO | 🔍 Scraper Cycle Start...
2026-03-01 19:27:18,934 | INFO | ✅ Found 267 ASINs via [Stealth]
2026-03-01 19:27:18,943 | INFO | 🎯 Processing 2 new deals...
2026-03-01 19:27:18,944 | INFO | 📦 Checking: B0CQ7VNMJY
2026-03-01 19:27:22,022 | INFO | 📊 B0CQ7VNMJY | ₹89 (MRP ₹499) | 82% OFF | Fitness Mantra® Sports Winters
2026-03-01 19:27:22,023 | INFO | 📡 TG Request via Bridge...
2026-03-01 19:27:23,404 | INFO | ✅ Posted: B0CQ7VNMJY (₹89)
2026-03-01 19:50:50,953 | INFO | 🔍 Scraper Cycle Start...
2026-03-01 19:50:57,545 | INFO | ✅ Found 264 ASINs via [Stealth]
2026-03-01 19:50:57,719 | INFO | ♻️ No new deals to post.
2026-03-01 19:51:58,549 | INFO | 🔍 Scraper Cycle Start...
2026-03-01 19:52:00,261 | INFO | ✅ Found 268 ASINs via [Stealth]
2026-03-01 19:52:00,274 | INFO | 🎯 Processing 29 new deals...
2026-03-01 19:52:00,281 | INFO | 📦 Checking: B0BSNRF8KM
2026-03-01 19:52:05,636 | INFO | 📊 B0BSNRF8KM | ₹? (MRP ₹499) | 76% OFF | SJeware Polyester 5 Pairs Soli
2026-03-01 19:52:07,186 | INFO | 📦 Checking: B0C9JPWLR4
2026-03-01 19:52:10,967 | INFO | 📊 B0C9JPWLR4 | ₹448 (MRP ₹560) | 25% OFF | Aqualogica Radiance+ Dewy Suns
2026-03-01 19:52:10,969 | INFO | 📡 TG Request via Bridge...
2026-03-01 19:52:12,702 | INFO | ✅ Posted: B0C9JPWLR4 (₹448)
2026-03-01 19:53:13,582 | INFO | 🔍 Scraper Cycle Start...
2026-03-01 19:53:15,820 | INFO | ✅ Found 294 ASINs via [Stealth]
2026-03-01 19:53:16,073 | INFO | 🎯 Processing 4 new deals...
2026-03-01 19:53:16,319 | INFO | 📦 Checking: B0BQHYFP9B
2026-03-01 19:53:24,320 | INFO | 📊 B0BQHYFP9B | ₹274 (MRP ₹1299) | 79% OFF | Zulaxy Hanging Hooks Without D
2026-03-01 19:53:24,324 | INFO | 📡 TG Request via Bridge...
2026-03-01 19:53:25,832 | INFO | ✅ Posted: B0BQHYFP9B (₹274)
2026-03-01 19:54:26,271 | INFO | 🔍 Scraper Cycle Start...
2026-03-01 19:54:27,620 | INFO | ✅ Found 300 ASINs via [Stealth]
2026-03-01 19:54:27,822 | INFO | 🎯 Processing 40 new deals...
2026-03-01 19:54:27,825 | INFO | 📦 Checking: B07V8F78YC
2026-03-01 19:54:32,905 | INFO | 📊 B07V8F78YC | ₹380 (MRP ₹?) | 83% OFF | Storite 2 Pack Nylon Wardrobe 
2026-03-01 19:54:32,908 | INFO | 📡 TG Request via Bridge...
2026-03-01 19:54:33,780 | INFO | ✅ Posted: B07V8F78YC (₹380)
2026-03-01 19:55:34,067 | INFO | 🔍 Scraper Cycle Start...
2026-03-01 19:55:36,040 | INFO | ✅ Found 276 ASINs via [Stealth]
2026-03-01 19:55:36,164 | INFO | 🎯 Processing 2 new deals...
2026-03-01 19:55:36,165 | INFO | 📦 Checking: B0CCM8L54V
2026-03-01 19:55:42,833 | INFO | 📊 B0CCM8L54V | ₹? (MRP ₹699) | 64% OFF | Zulaxy Photo Frame Hooks for W
2026-03-01 19:55:44,335 | INFO | 📦 Checking: B0B7XR3R8Y
2026-03-01 19:55:51,038 | INFO | 📊 B0B7XR3R8Y | ₹? (MRP ₹299) | 49% OFF | Tosaa Dry Fruit Cutter, Slicer
2026-03-01 19:55:52,540 | WARNING | 📉 No qualifying deals found.
2026-03-01 19:56:52,763 | INFO | 🔍 Scraper Cycle Start...
2026-03-01 19:56:54,801 | INFO | ✅ Found 291 ASINs via [Stealth]
2026-03-01 19:56:54,805 | INFO | 🎯 Processing 3 new deals...
2026-03-01 19:56:54,807 | INFO | 📦 Checking: B0CCM8L54V
2026-03-01 19:56:57,370 | INFO | 📊 B0CCM8L54V | ₹? (MRP ₹699) | 64% OFF | Zulaxy Photo Frame Hooks for W
2026-03-01 19:56:58,871 | INFO | 📦 Checking: B0C4YV7B59
2026-03-01 19:57:03,550 | INFO | 📊 B0C4YV7B59 | ₹? (MRP ₹?) | DEAL OFF | Snow Proof Inside Fur Wool Uni
2026-03-01 19:57:05,052 | INFO | 📦 Checking: B0CNW8YPK4
2026-03-01 19:57:08,512 | INFO | 📊 B0CNW8YPK4 | ₹? (MRP ₹102) | 6% OFF | Ganesh Spark Gas Lighter for K
2026-03-01 19:57:10,013 | WARNING | 📉 No qualifying deals found.
2026-03-01 19:58:10,959 | INFO | 🔍 Scraper Cycle Start...
2026-03-01 19:58:12,755 | INFO | ✅ Found 281 ASINs via [Stealth]
2026-03-01 19:58:12,757 | INFO | 🎯 Processing 36 new deals...
2026-03-01 19:58:12,759 | INFO | 📦 Checking: B09Y3FCFZ6
2026-03-01 19:58:18,623 | INFO | 📊 B09Y3FCFZ6 | ₹323 (MRP ₹324) | DEAL OFF | SPARX Mens Sf0014G Slippers
2026-03-01 19:58:18,638 | INFO | 📡 TG Request via Bridge...
2026-03-01 19:58:20,064 | INFO | ✅ Posted: B09Y3FCFZ6 (₹323)
2026-03-01 19:59:20,969 | INFO | 🔍 Scraper Cycle Start...
2026-03-01 19:59:23,025 | INFO | ✅ Found 277 ASINs via [Stealth]
2026-03-01 19:59:23,059 | INFO | 🎯 Processing 1 new deals...
2026-03-01 19:59:23,071 | INFO | 📦 Checking: B0CCM8L54V
2026-03-01 19:59:26,782 | INFO | 📊 B0CCM8L54V | ₹249 (MRP ₹699) | 64% OFF | Zulaxy Photo Frame Hooks for W
2026-03-01 19:59:26,785 | INFO | 📡 TG Request via Bridge...
2026-03-01 19:59:28,335 | INFO | ✅ Posted: B0CCM8L54V (₹249)
2026-03-01 20:00:28,739 | INFO | 🔍 Scraper Cycle Start...
2026-03-01 20:00:31,157 | INFO | ✅ Found 290 ASINs via [Stealth]
2026-03-01 20:00:31,248 | INFO | 🎯 Processing 2 new deals...
2026-03-01 20:00:31,250 | INFO | 📦 Checking: B0BSNRF8KM
2026-03-01 20:00:35,385 | INFO | 📊 B0BSNRF8KM | ₹? (MRP ₹499) | 76% OFF | SJeware Polyester 5 Pairs Soli
2026-03-01 20:00:36,886 | INFO | 📦 Checking: B0CNW8YPK4
2026-03-01 20:00:38,765 | INFO | 📊 B0CNW8YPK4 | ₹? (MRP ₹102) | 6% OFF | Ganesh Spark Gas Lighter for K
2026-03-01 20:00:40,266 | WARNING | 📉 No qualifying deals found.
2026-03-01 20:01:40,432 | INFO | 🔍 Scraper Cycle Start...
2026-03-01 20:01:43,899 | INFO | ✅ Found 66 ASINs via [Stealth]
2026-03-01 20:01:43,903 | INFO | 🎯 Processing 58 new deals...
2026-03-01 20:01:43,904 | INFO | 📦 Checking: B0F6TN4K15
2026-03-01 20:01:49,757 | INFO | 📊 B0F6TN4K15 | ₹? (MRP ₹54900) | 38% OFF | Godrej 1.5 Ton 5 Star, 5 Years
2026-03-01 20:01:51,258 | INFO | 📦 Checking: B07K2SFB5Y
2026-03-01 20:01:55,654 | INFO | 📊 B07K2SFB5Y | ₹836 (MRP ₹1499) | 44% OFF | LifeKrafts Polyester Magnetic 
2026-03-01 20:01:55,657 | INFO | 📡 TG Request via Bridge...
2026-03-01 20:01:56,700 | INFO | ✅ Posted: B07K2SFB5Y (₹836)
2026-03-01 20:02:28,423 | INFO | 📡 DNS resolution looks normal.
2026-03-01 20:02:28,423 | INFO | 🖥️ Headless Mode | HF=False
2026-03-01 20:02:28,424 | INFO | 🖥️ Headless Mode Start.
2026-03-01 20:02:38,425 | INFO | 🚀 Resilience v33 Ultra Boots | HF=False
2026-03-01 20:02:38,426 | INFO | 🛠️ Verifying Connection...
2026-03-01 20:02:38,428 | INFO | 📡 TG Request via Bridge...
2026-03-01 20:02:39,741 | INFO | ✅ Connection OK → @asd3dfghhb_bot
2026-03-01 20:02:39,745 | INFO | 🔍 Scraper Cycle Start...
2026-03-01 20:02:41,325 | INFO | ✅ Found 268 ASINs via [Stealth]
2026-03-01 20:02:41,383 | INFO | 🎯 Processing 27 new deals...
2026-03-01 20:02:41,393 | INFO | 📦 Checking: B099ZNZJMW
2026-03-01 20:02:46,083 | INFO | 📊 B099ZNZJMW | ₹? (MRP ₹1119) | 74% OFF | Shocknshop Digital Sports Mult
2026-03-01 20:02:47,586 | INFO | 📦 Checking: B0DS67C4S9
2026-03-01 20:02:54,419 | INFO | 📊 B0DS67C4S9 | ₹385 (MRP ₹?) | 82% OFF | Storite 2 Pack Nylon Wardrobe 
2026-03-01 20:02:54,420 | INFO | 📡 TG Request via Bridge...
2026-03-01 20:02:55,916 | INFO | ✅ Posted: B0DS67C4S9 (₹385)
2026-03-01 20:03:56,133 | INFO | 🔍 Scraper Cycle Start...
2026-03-01 20:03:58,236 | INFO | ✅ Found 266 ASINs via [Stealth]
2026-03-01 20:03:58,262 | INFO | 🎯 Processing 42 new deals...
2026-03-01 20:03:58,519 | INFO | 📦 Checking: B0G2SCMP2X
2026-03-01 20:04:01,927 | INFO | 📊 B0G2SCMP2X | ₹179 (MRP ₹?) | 64% OFF | Gadget Deals- teeth whitening 
2026-03-01 20:04:01,929 | INFO | 📡 TG Request via Bridge...
2026-03-01 20:04:02,693 | INFO | ✅ Posted: B0G2SCMP2X (₹179)
2026-03-01 20:05:03,404 | INFO | 🔍 Scraper Cycle Start...
2026-03-01 20:05:05,858 | INFO | ✅ Found 264 ASINs via [Stealth]
2026-03-01 20:05:06,293 | INFO | ♻️ No new deals to post.
2026-03-01 20:06:06,348 | INFO | 🔍 Scraper Cycle Start...
2026-03-01 20:06:08,153 | INFO | ✅ Found 294 ASINs via [Stealth]
2026-03-01 20:06:08,217 | INFO | 🎯 Processing 2 new deals...
2026-03-01 20:06:08,223 | INFO | 📦 Checking: B0C4YV7B59
2026-03-01 20:06:11,783 | INFO | 📊 B0C4YV7B59 | ₹? (MRP ₹?) | DEAL OFF | Snow Proof Inside Fur Wool Uni
2026-03-01 20:06:13,291 | INFO | 📦 Checking: B0BSNRF8KM
2026-03-01 20:06:17,653 | INFO | 📊 B0BSNRF8KM | ₹? (MRP ₹499) | 76% OFF | SJeware Polyester 5 Pairs Soli
2026-03-01 20:06:19,156 | WARNING | 📉 No qualifying deals found.
2026-03-01 20:07:19,959 | INFO | 🔍 Scraper Cycle Start...
2026-03-01 20:07:21,452 | INFO | ✅ Found 268 ASINs via [Stealth]
2026-03-01 20:07:21,491 | INFO | 🎯 Processing 27 new deals...
2026-03-01 20:07:21,520 | INFO | 📦 Checking: B0CQX7JFD9
2026-03-01 20:07:29,723 | INFO | 📊 B0CQX7JFD9 | ₹? (MRP ₹499) | 62% OFF | Gadget Deals- Gel Exercise Bal
2026-03-01 20:07:31,428 | INFO | 📦 Checking: B09TPLHDJJ
2026-03-01 20:07:35,905 | INFO | 📊 B09TPLHDJJ | ₹350 (MRP ₹700) | 12% OFF | FAE Beauty SPF 50+ PA++++ Ligh
2026-03-01 20:07:35,908 | INFO | 📡 TG Request via Bridge...
2026-03-01 20:07:37,310 | INFO | ✅ Posted: B09TPLHDJJ (₹350)
2026-03-01 20:08:37,517 | INFO | 🔍 Scraper Cycle Start...
2026-03-01 20:08:39,720 | INFO | ✅ Found 259 ASINs via [Stealth]
2026-03-01 20:08:40,124 | INFO | 🎯 Processing 1 new deals...
2026-03-01 20:08:40,336 | INFO | 📦 Checking: B0B7XR3R8Y
2026-03-01 20:08:47,793 | INFO | 📊 B0B7XR3R8Y | ₹153 (MRP ₹299) | 49% OFF | Tosaa Dry Fruit Cutter, Slicer
2026-03-01 20:08:48,123 | INFO | 📡 TG Request via Bridge...
2026-03-01 20:08:50,270 | INFO | ✅ Posted: B0B7XR3R8Y (₹153)
2026-03-01 20:09:51,052 | INFO | 🔍 Scraper Cycle Start...
2026-03-01 20:09:52,660 | INFO | ✅ Found 259 ASINs via [Stealth]
2026-03-01 20:09:52,689 | INFO | ♻️ No new deals to post.
2026-03-01 20:10:53,047 | INFO | 🔍 Scraper Cycle Start...
2026-03-01 20:10:55,137 | INFO | ✅ Found 285 ASINs via [Stealth]
2026-03-01 20:10:55,169 | INFO | 🎯 Processing 33 new deals...
2026-03-01 20:10:55,260 | INFO | 📦 Checking: B08GQ5S4F8
2026-03-01 20:10:58,054 | INFO | 📊 B08GQ5S4F8 | ₹358 (MRP ₹1499) | 76% OFF | NAPA HIDE Leather Wallet for M
2026-03-01 20:10:58,491 | INFO | 📡 TG Request via Bridge...
2026-03-01 20:11:00,937 | INFO | ✅ Posted: B08GQ5S4F8 (₹358)
2026-03-01 20:12:02,018 | INFO | 🔍 Scraper Cycle Start...
2026-03-01 20:12:03,436 | INFO | ✅ Found 265 ASINs via [Stealth]
2026-03-01 20:12:03,508 | INFO | 🎯 Processing 25 new deals...
2026-03-01 20:12:03,510 | INFO | 📦 Checking: B0CFFBZ23F
2026-03-01 20:12:08,997 | INFO | 📊 B0CFFBZ23F | ₹? (MRP ₹499) | 68% OFF | Lifelong Protein Shaker|100% L
2026-03-01 20:12:10,498 | INFO | 📦 Checking: B0821PN8L4
2026-03-01 20:12:16,698 | INFO | 📊 B0821PN8L4 | ₹? (MRP ₹480) | 34% OFF | Amazon Brand - Presto! Garbage
2026-03-01 20:12:18,372 | INFO | 📦 Checking: B0FM3K7RX5
2026-03-01 20:12:24,805 | INFO | 📊 B0FM3K7RX5 | ₹699 (MRP ₹1299) | 46% OFF | Lifelong Steel Gym Shaker Bott
2026-03-01 20:12:24,813 | INFO | 📡 TG Request via Bridge...
2026-03-01 20:12:26,292 | INFO | ✅ Posted: B0FM3K7RX5 (₹699)
2026-03-01 20:13:26,352 | INFO | 🔍 Scraper Cycle Start...
2026-03-01 20:13:28,624 | INFO | ✅ Found 66 ASINs via [Stealth]
2026-03-01 20:13:28,687 | INFO | 🎯 Processing 58 new deals...
2026-03-01 20:13:28,689 | INFO | 📦 Checking: B0C3CP6B5Y
2026-03-01 20:13:31,970 | INFO | 📊 B0C3CP6B5Y | ₹275 (MRP ₹550) | 21% OFF | Foxtale Glow Sunscreen SPF 50 
2026-03-01 20:13:31,971 | INFO | 📡 TG Request via Bridge...
2026-03-01 20:13:33,884 | INFO | ✅ Posted: B0C3CP6B5Y (₹275)
2026-03-01 20:14:34,533 | INFO | 🔍 Scraper Cycle Start...
2026-03-01 20:14:36,293 | INFO | ✅ Found 264 ASINs via [Stealth]
2026-03-01 20:14:36,334 | INFO | ♻️ No new deals to post.
2026-03-01 20:15:36,780 | INFO | 🔍 Scraper Cycle Start...
2026-03-01 20:15:38,326 | INFO | ✅ Found 259 ASINs via [Stealth]
2026-03-01 20:15:38,330 | INFO | ♻️ No new deals to post.
2026-03-01 22:54:06,551 | INFO | 📡 DNS resolution looks normal.
2026-03-01 22:54:06,554 | INFO | 🖥️ Headless Mode | HF=False
2026-03-01 22:54:06,554 | INFO | 🖥️ Headless Mode Start.
2026-03-01 22:54:16,557 | INFO | 🚀 Resilience v33 Ultra Boots | HF=False
2026-03-01 22:54:16,560 | INFO | 🛠️ Verifying Connection...
2026-03-01 22:54:16,561 | INFO | 📡 TG Request via Bridge...
2026-03-01 22:54:17,732 | INFO | ✅ Connection OK → @asd3dfghhb_bot
2026-03-01 22:54:17,749 | INFO | 🔍 Scraper Cycle Start...
2026-03-01 22:54:19,634 | INFO | ✅ Found 281 ASINs via [Stealth]
2026-03-01 22:54:19,672 | INFO | ♻️ No new deals to post.
2026-03-01 22:55:20,485 | INFO | 🔍 Scraper Cycle Start...
2026-03-01 22:55:22,643 | INFO | ✅ Found 284 ASINs via [Stealth]
2026-03-01 22:55:22,646 | INFO | 🎯 Processing 49 new deals...
2026-03-01 22:55:22,648 | INFO | 📦 Checking: B0FVLZ3B9H
2026-03-01 22:55:27,662 | INFO | 📊 B0FVLZ3B9H | ₹219 (MRP ₹?) | 76% OFF | WINSOME DEAL Men's Canvas Belt
2026-03-01 22:55:27,663 | INFO | 📡 TG Request via Bridge...
2026-03-01 22:55:29,042 | INFO | ✅ Posted: B0FVLZ3B9H (₹219)
2026-03-01 22:56:29,569 | INFO | 🔍 Scraper Cycle Start...
2026-03-01 22:56:31,725 | INFO | ✅ Found 281 ASINs via [Stealth]
2026-03-01 22:56:31,781 | INFO | ♻️ No new deals to post.
2026-03-02 19:31:10,101 | INFO | 📡 DNS resolution looks normal.
2026-03-02 19:31:10,103 | INFO | 🖥️ Headless Mode | HF=False
2026-03-02 19:31:10,104 | INFO | 🖥️ Headless Mode Start.
2026-03-02 19:31:20,104 | INFO | 🚀 Resilience v33 Ultra Boots | HF=False
2026-03-02 19:31:20,106 | INFO | 🛠️ Verifying Connection...
2026-03-02 19:31:20,107 | INFO | 📡 TG Request via Bridge...
2026-03-02 19:31:21,256 | INFO | ✅ Connection OK → @asd3dfghhb_bot
2026-03-02 19:31:21,266 | INFO | 🔍 Scraper Cycle Start...
2026-03-02 19:31:23,463 | INFO | ✅ Found 298 ASINs via [Stealth]
2026-03-02 19:31:23,467 | INFO | 🎯 Processing 39 new deals...
2026-03-02 19:31:23,475 | INFO | 📦 Checking: B0BSNRF8KM
2026-03-02 19:31:27,215 | INFO | 📊 B0BSNRF8KM | ₹118 (MRP ₹?) | 76% OFF | SJeware Polyester 5 Pairs Soli
2026-03-02 19:31:27,217 | INFO | 📡 TG Request via Bridge...
2026-03-02 19:31:28,410 | INFO | ✅ Posted: B0BSNRF8KM (₹118)
2026-03-02 19:36:04,861 | INFO | 📡 DNS resolution looks normal.
2026-03-02 19:36:04,862 | INFO | 🖥️ Headless Mode | HF=False
2026-03-02 19:36:04,864 | INFO | 🖥️ Headless Mode Start.
2026-03-02 19:36:14,865 | INFO | 🚀 Resilience v33 Ultra Boots | HF=False
2026-03-02 19:36:14,866 | INFO | 🛠️ Verifying Connection...
2026-03-02 19:36:14,867 | INFO | 📡 TG Request via Bridge...
2026-03-02 19:36:16,654 | INFO | ✅ Connection OK → @asd3dfghhb_bot
2026-03-02 19:36:16,658 | INFO | 🔍 Scraper Cycle Start...
2026-03-02 19:36:19,452 | INFO | ✅ Found 267 ASINs via [Stealth]
2026-03-02 19:36:19,470 | INFO | 🎯 Processing 1 new deals...
2026-03-02 19:36:19,473 | INFO | 📦 Checking: B07F8H9NYY
2026-03-02 19:36:21,895 | INFO | 📊 B07F8H9NYY | ₹? (MRP ₹415) | 19% OFF | Comfort Morning Fresh Fabric C
2026-03-02 19:36:23,396 | WARNING | 📉 No qualifying deals found.
2026-03-02 19:39:46,889 | INFO | 📡 DNS resolution looks normal.
2026-03-02 19:39:46,895 | INFO | 🖥️ Headless Mode | HF=False
2026-03-02 19:39:46,900 | INFO | 🖥️ Headless Mode Start.
2026-03-02 19:39:56,907 | INFO | 🚀 Resilience v33 Ultra Boots | HF=False
2026-03-02 19:39:56,909 | INFO | 🛠️ Verifying Connection...
2026-03-02 19:39:56,910 | INFO | 📡 TG Request via Bridge...
2026-03-02 19:39:58,194 | INFO | ✅ Connection OK → @asd3dfghhb_bot
2026-03-02 19:39:58,197 | INFO | 🔍 Scraper Cycle Start...
2026-03-02 19:40:00,782 | INFO | ✅ Found 309 ASINs via [Stealth]
2026-03-02 19:40:00,784 | INFO | 🎯 Processing 5 new deals...
2026-03-02 19:40:00,784 | INFO | 📦 Checking: B07KT9Q54M
2026-03-02 19:40:04,488 | INFO | 📊 B07KT9Q54M | ₹299 (MRP ₹344) | 13% OFF | Shalimar Premium (Lavender Fra
2026-03-02 19:40:04,489 | INFO | 📡 TG Request via Bridge...
2026-03-02 19:40:06,249 | INFO | ✅ Posted: B07KT9Q54M (₹299)
2026-03-02 20:21:13,783 | INFO | 📡 DNS resolution looks normal.
2026-03-02 20:21:13,919 | INFO | 🖥️ Headless Mode | HF=False
2026-03-02 20:21:14,077 | INFO | 🖥️ Headless Mode Start.
2026-03-02 20:21:20,378 | INFO | 📡 DNS resolution looks normal.
2026-03-02 20:21:20,379 | INFO | 🖥️ Headless Mode | HF=False
2026-03-02 20:21:20,380 | INFO | 🖥️ Headless Mode Start.
2026-03-02 20:21:24,194 | INFO | 🚀 Resilience v33 Ultra Boots | HF=False
2026-03-02 20:21:24,195 | INFO | 🛠️ Verifying Connection...
2026-03-02 20:21:24,196 | INFO | 📡 TG Request via Bridge...
2026-03-02 20:21:25,267 | INFO | ✅ Connection OK → @asd3dfghhb_bot
2026-03-02 20:21:25,272 | INFO | 🔍 Scraper Cycle Start...
2026-03-02 20:21:27,019 | INFO | ✅ Found 284 ASINs via [Stealth]
2026-03-02 20:21:27,067 | INFO | 🎯 Processing 1 new deals...
2026-03-02 20:21:27,067 | INFO | 📦 Checking: B07F8H9NYY
2026-03-02 20:21:29,114 | INFO | 📊 B07F8H9NYY | ₹335 (MRP ₹?) | 19% OFF | Comfort Morning Fresh Fabric C
2026-03-02 20:21:29,115 | INFO | 📡 TG Request via Bridge...
2026-03-02 20:21:30,126 | INFO | ✅ Posted: B07F8H9NYY (₹335)
2026-03-02 20:21:30,381 | INFO | 🚀 Resilience v33 Ultra Boots | HF=False
2026-03-02 20:21:30,382 | INFO | 🛠️ Verifying Connection...
2026-03-02 20:21:30,382 | INFO | 📡 TG Request via Bridge...
2026-03-02 20:21:30,664 | INFO | ✅ Connection OK → @asd3dfghhb_bot
2026-03-02 20:21:30,666 | INFO | 🔍 Scraper Cycle Start...
2026-03-02 20:21:32,308 | INFO | ✅ Found 275 ASINs via [Stealth]
2026-03-02 20:21:32,325 | INFO | 🎯 Processing 3 new deals...
2026-03-02 20:21:32,326 | INFO | 📦 Checking: B0FHBXFL97
2026-03-02 20:21:35,836 | INFO | 📊 B0FHBXFL97 | ₹? (MRP ₹1299) | 79% OFF | Combo Pack of 2 Reading Glasse
2026-03-02 20:21:37,338 | INFO | 📦 Checking: B01LNA2MQK
2026-03-02 20:21:42,498 | INFO | 📊 B01LNA2MQK | ₹? (MRP ₹209) | 25% OFF | Dettol Liquid Handwash Refill 
2026-03-02 20:21:43,999 | INFO | 📦 Checking: B07B4KQRZG
2026-03-02 20:21:47,126 | INFO | 📊 B07B4KQRZG | ₹114.00 (MRP ₹?) | 37% OFF | MAGGI 2-Minute Instant Noodles
2026-03-02 20:21:47,127 | INFO | 📡 TG Request via Bridge...
2026-03-02 20:21:47,847 | INFO | ✅ Posted: B07B4KQRZG (₹114.00)
2026-03-02 20:22:30,231 | INFO | 🔍 Scraper Cycle Start...
2026-03-02 20:22:31,849 | INFO | ✅ Found 272 ASINs via [Stealth]
2026-03-02 20:22:31,899 | INFO | 🎯 Processing 25 new deals...
2026-03-02 20:22:31,901 | INFO | 📦 Checking: B0CQX7JFD9
2026-03-02 20:22:34,814 | INFO | 📊 B0CQX7JFD9 | ₹? (MRP ₹499) | 62% OFF | Gadget Deals- Gel Exercise Bal
2026-03-02 20:22:36,315 | INFO | 📦 Checking: B0D7QCLQF3
2026-03-02 20:22:38,297 | INFO | 📦 Checking: B0BG1ZBMR7
2026-03-02 20:22:39,998 | INFO | 📊 B0BG1ZBMR7 | ₹? (MRP ₹199) | 50% OFF | Electronic Spices Single 3.5mm
2026-03-02 20:22:41,502 | INFO | 📦 Checking: B0DJ1DFT3X
2026-03-02 20:22:46,404 | INFO | 📊 B0DJ1DFT3X | ₹? (MRP ₹1999) | 85% OFF | Status Contract Cotton Rich Do
2026-03-02 20:22:47,905 | INFO | 📦 Checking: B0821PN8L4
2026-03-02 20:22:47,956 | INFO | 🔍 Scraper Cycle Start...
2026-03-02 20:22:50,454 | INFO | 📊 B0821PN8L4 | ₹? (MRP ₹630.00) | 49% OFF | Amazon Brand - Presto! Garbage
2026-03-02 20:22:50,828 | INFO | ✅ Found 275 ASINs via [Stealth]
2026-03-02 20:22:50,831 | INFO | 🎯 Processing 2 new deals...
2026-03-02 20:22:50,832 | INFO | 📦 Checking: B01LNA2MQK
2026-03-02 20:22:51,955 | INFO | 📦 Checking: B07QRQZK1G
2026-03-02 20:22:53,979 | INFO | 📊 B07QRQZK1G | ₹? (MRP ₹2199) | 83% OFF | Storite 2 Pack Nylon Wardrobe 
2026-03-02 20:22:55,481 | INFO | 📦 Checking: B0FHBXFL97
2026-03-02 20:22:55,603 | INFO | 📊 B01LNA2MQK | ₹? (MRP ₹209) | 25% OFF | Dettol Liquid Handwash Refill 
2026-03-02 20:22:57,120 | INFO | 📦 Checking: B0FHBXFL97
2026-03-02 20:22:57,476 | INFO | 📦 Checking: B0DQ5BWQQ4
2026-03-02 20:22:59,577 | INFO | 📊 B0DQ5BWQQ4 | ₹? (MRP ₹999) | 71% OFF | PRIME DEALS Diecast 1:36 Defen
2026-03-02 20:22:59,823 | INFO | 📊 B0FHBXFL97 | ₹279 (MRP ₹1299) | 79% OFF | Combo Pack of 2 Reading Glasse
2026-03-02 20:22:59,824 | INFO | 📡 TG Request via Bridge...
2026-03-02 20:23:01,081 | INFO | 📦 Checking: B07RNDHDWM
2026-03-02 20:23:01,167 | INFO | ✅ Posted: B0FHBXFL97 (₹279)
2026-03-02 20:23:05,470 | INFO | 📊 B07RNDHDWM | ₹284 (MRP ₹?) | 53% OFF | ARKYLE Winter Socks for Men Th
2026-03-02 20:23:05,471 | INFO | 📡 TG Request via Bridge...
2026-03-02 20:23:06,110 | INFO | ✅ Posted: B07RNDHDWM (₹284)
2026-03-02 20:24:01,227 | INFO | 🔍 Scraper Cycle Start...
2026-03-02 20:24:06,172 | INFO | 🔍 Scraper Cycle Start...
2026-03-02 20:24:06,870 | INFO | ✅ Found 30 ASINs via [Stealth]
2026-03-02 20:24:06,914 | INFO | 🎯 Processing 27 new deals...
2026-03-02 20:24:06,918 | INFO | 📦 Checking: B0FZSWZZW2
2026-03-02 20:24:08,082 | INFO | ✅ Found 284 ASINs via [Stealth]
2026-03-02 20:24:08,086 | INFO | ♻️ No new deals to post.
2026-03-02 20:24:12,377 | INFO | 📊 B0FZSWZZW2 | ₹? (MRP ₹54999) | 13% OFF | OnePlus 15R | 12GB+256GB | Cha
2026-03-02 20:24:13,879 | INFO | 📦 Checking: B0G8Y3GWQR
2026-03-02 20:24:17,631 | INFO | 📊 B0G8Y3GWQR | ₹? (MRP ₹42999) | 19% OFF | Oppo Reno15c 5G (Twilight Blue
2026-03-02 20:24:19,133 | INFO | 📦 Checking: B0D79G62J3
2026-03-02 20:24:21,183 | INFO | 📦 Checking: B0FM38SKN8
2026-03-02 20:24:23,763 | INFO | 📊 B0FM38SKN8 | ₹89990 (MRP ₹114990) | 22% OFF | ASUS TUF A16 (2025), AMD Ryzen
2026-03-02 20:24:23,764 | INFO | ⏭️ Skip B0FM38SKN8 (₹89990 > ₹5000.0)
2026-03-02 20:24:25,265 | INFO | 📦 Checking: B0G7GXMB2Z
2026-03-02 20:24:28,704 | INFO | 📊 B0G7GXMB2Z | ₹33490 (MRP ₹53830) | 38% OFF | Daikin 1.5 Ton 3 Star Inverter
2026-03-02 20:24:28,704 | INFO | ⏭️ Skip B0G7GXMB2Z (₹33490 > ₹5000.0)
2026-03-02 20:24:30,206 | INFO | 📦 Checking: B0FT8HVP1D
2026-03-02 20:24:32,139 | INFO | 📊 B0FT8HVP1D | ₹? (MRP ₹75000) | 45% OFF | Blue Star 1.5 Ton 5 Star, 60 M
2026-03-02 20:24:33,640 | INFO | 📦 Checking: B0DSKNKCYX
2026-03-02 20:24:38,035 | INFO | 📊 B0DSKNKCYX | ₹? (MRP ₹129999) | 5% OFF | Samsung Galaxy S25 Ultra 5G Mo
2026-03-02 20:24:39,539 | INFO | 📦 Checking: B0FDQTLSFT
2026-03-02 20:24:57,550 | INFO | 📊 B0FDQTLSFT | ₹26999 (MRP ₹35990) | 25% OFF | Philips 127 cm (50 inches) 810
2026-03-02 20:24:57,551 | INFO | ⏭️ Skip B0FDQTLSFT (₹26999 > ₹5000.0)
2026-03-02 20:24:59,053 | INFO | 📦 Checking: B0G5G25YBQ
2026-03-02 20:25:00,962 | INFO | 📊 B0G5G25YBQ | ₹? (MRP ₹28999) | 14% OFF | REDMI Note 15 5G (Black, 8GB R
2026-03-02 20:25:02,463 | INFO | 📦 Checking: B0GF2D2RKY
2026-03-02 20:25:07,008 | INFO | 📊 B0GF2D2RKY | ₹31999 (MRP ₹34999) | 9% OFF | REDMI Note 15 Pro 5G (Mirage B
2026-03-02 20:25:07,009 | INFO | ⏭️ Skip B0GF2D2RKY (₹31999 > ₹5000.0)
2026-03-02 20:25:08,168 | INFO | 🔍 Scraper Cycle Start...
2026-03-02 20:25:08,511 | INFO | 📦 Checking: B0FM3C4L2F
2026-03-02 20:25:10,196 | INFO | ✅ Found 284 ASINs via [Stealth]
2026-03-02 20:25:10,199 | INFO | ♻️ No new deals to post.
2026-03-02 20:25:12,899 | INFO | 📊 B0FM3C4L2F | ₹? (MRP ₹83990) | 20% OFF | ASUS TUF A15 (2025), AMD Ryzen
2026-03-02 20:25:14,419 | INFO | 📦 Checking: B09BR7FCK4
2026-03-02 20:25:19,607 | INFO | 📊 B09BR7FCK4 | ₹? (MRP ₹?) | DEAL OFF | Sleepyhead Laxe -Pincore Latex
2026-03-02 20:25:21,108 | INFO | 📦 Checking: B0FTR2PJTV
2026-03-02 20:25:23,592 | INFO | 📦 Checking: B0GCKCSDKM
2026-03-02 20:25:28,729 | INFO | 📊 B0GCKCSDKM | ₹? (MRP ₹61940) | 32% OFF | Daikin 1.5 Ton 5 Star Inverter
2026-03-02 20:25:30,230 | INFO | 📦 Checking: B0CWPD9PTK
2026-03-02 20:25:33,254 | INFO | 📊 B0CWPD9PTK | ₹29999 (MRP ₹48999) | 39% OFF | Samsung Galaxy A55 5G (Awesome
2026-03-02 20:25:33,255 | INFO | ⏭️ Skip B0CWPD9PTK (₹29999 > ₹5000.0)
2026-03-02 20:25:34,756 | WARNING | 📉 No qualifying deals found.
2026-03-02 20:26:10,338 | INFO | 🔍 Scraper Cycle Start...
2026-03-02 20:26:12,067 | INFO | ✅ Found 292 ASINs via [Stealth]
2026-03-02 20:26:12,070 | INFO | 🎯 Processing 1 new deals...
2026-03-02 20:26:12,072 | INFO | 📦 Checking: B01LNA2MQK
2026-03-02 20:26:17,431 | INFO | 📊 B01LNA2MQK | ₹? (MRP ₹209) | 25% OFF | Dettol Liquid Handwash Refill 
2026-03-02 20:26:18,933 | WARNING | 📉 No qualifying deals found.
2026-03-02 20:26:34,816 | INFO | 🔍 Scraper Cycle Start...
2026-03-02 20:26:36,518 | INFO | ✅ Found 264 ASINs via [Stealth]
2026-03-02 20:26:36,519 | INFO | ♻️ No new deals to post.
2026-03-02 20:27:19,002 | INFO | 🔍 Scraper Cycle Start...
2026-03-02 20:27:22,378 | INFO | ✅ Found 267 ASINs via [Stealth]
2026-03-02 20:27:22,386 | INFO | 🎯 Processing 1 new deals...
2026-03-02 20:27:22,390 | INFO | 📦 Checking: B0C4YV7B59
2026-03-02 20:27:25,952 | INFO | 📊 B0C4YV7B59 | ₹? (MRP ₹?) | DEAL OFF | Snow Proof Inside Fur Wool Uni
2026-03-02 20:27:27,454 | WARNING | 📉 No qualifying deals found.
2026-03-02 20:27:36,638 | INFO | 🔍 Scraper Cycle Start...
2026-03-02 20:27:38,478 | INFO | ✅ Found 264 ASINs via [Stealth]
2026-03-02 20:27:38,481 | INFO | ♻️ No new deals to post.
2026-03-02 20:28:27,579 | INFO | 🔍 Scraper Cycle Start...
2026-03-02 20:28:29,528 | INFO | ✅ Found 292 ASINs via [Stealth]
2026-03-02 20:28:29,535 | INFO | 🎯 Processing 1 new deals...
2026-03-02 20:28:29,536 | INFO | 📦 Checking: B01LNA2MQK
2026-03-02 20:28:32,506 | INFO | 📊 B01LNA2MQK | ₹? (MRP ₹209) | 25% OFF | Dettol Liquid Handwash Refill 
2026-03-02 20:28:34,007 | WARNING | 📉 No qualifying deals found.
2026-03-02 20:28:38,599 | INFO | 🔍 Scraper Cycle Start...
2026-03-02 20:28:40,488 | INFO | ✅ Found 275 ASINs via [Stealth]
2026-03-02 20:28:40,495 | INFO | 🎯 Processing 1 new deals...
2026-03-02 20:28:40,499 | INFO | 📦 Checking: B01LNA2MQK
2026-03-02 20:28:43,168 | INFO | 📊 B01LNA2MQK | ₹? (MRP ₹209) | 25% OFF | Dettol Liquid Handwash Refill 
2026-03-02 20:28:44,670 | WARNING | 📉 No qualifying deals found.
2026-03-02 20:29:34,085 | INFO | 🔍 Scraper Cycle Start...
2026-03-02 20:29:38,227 | INFO | ✅ Found 272 ASINs via [Stealth]
2026-03-02 20:29:38,230 | INFO | 🎯 Processing 40 new deals...
2026-03-02 20:29:38,231 | INFO | 📦 Checking: B0FVM2SBJR
2026-03-02 20:29:41,230 | INFO | 📊 B0FVM2SBJR | ₹? (MRP ₹899) | 76% OFF | WINSOME DEAL Men's Canvas Belt
2026-03-02 20:29:42,732 | INFO | 📦 Checking: B0CQX7JFD9
2026-03-02 20:29:44,443 | INFO | 📊 B0CQX7JFD9 | ₹? (MRP ₹499) | 62% OFF | Gadget Deals- Gel Exercise Bal
2026-03-02 20:29:44,757 | INFO | 🔍 Scraper Cycle Start...
2026-03-02 20:29:45,951 | INFO | 📦 Checking: B0D4MCM2KR
2026-03-02 20:29:46,564 | INFO | ✅ Found 292 ASINs via [Stealth]
2026-03-02 20:29:46,567 | INFO | 🎯 Processing 1 new deals...
2026-03-02 20:29:46,568 | INFO | 📦 Checking: B01LNA2MQK
2026-03-02 20:29:48,885 | INFO | 📊 B0D4MCM2KR | ₹119.21 (MRP ₹599) | 80% OFF | Cortina Pack of 1 Quick Dry Wa
2026-03-02 20:29:48,886 | INFO | 📡 TG Request via Bridge...
2026-03-02 20:29:50,610 | INFO | ✅ Posted: B0D4MCM2KR (₹119.21)
2026-03-02 20:29:51,839 | INFO | 📊 B01LNA2MQK | ₹? (MRP ₹209) | 25% OFF | Dettol Liquid Handwash Refill 
2026-03-02 20:29:53,344 | WARNING | 📉 No qualifying deals found.
2026-03-02 20:30:50,814 | INFO | 🔍 Scraper Cycle Start...
2026-03-02 20:30:52,813 | INFO | ✅ Found 264 ASINs via [Stealth]
2026-03-02 20:30:52,971 | INFO | ♻️ No new deals to post.
2026-03-02 20:30:53,409 | INFO | 🔍 Scraper Cycle Start...
2026-03-02 20:30:55,360 | INFO | ✅ Found 272 ASINs via [Stealth]
2026-03-02 20:30:55,363 | INFO | 🎯 Processing 24 new deals...
2026-03-02 20:30:55,364 | INFO | 📦 Checking: B07MWCZNLN
2026-03-02 20:30:58,975 | INFO | 📊 B07MWCZNLN | ₹? (MRP ₹2999) | 87% OFF | M MEDLER Epoch Nylon 55 litres
2026-03-02 20:31:00,476 | INFO | 📦 Checking: B0DHZLBVSF
2026-03-02 20:31:02,703 | INFO | 📦 Checking: B0FG2NC65F
2026-03-02 20:31:07,359 | INFO | 📊 B0FG2NC65F | ₹? (MRP ₹420) | 17% OFF | FAE Beauty 24Hr Longstay Eye-D
2026-03-02 20:31:08,861 | INFO | 📦 Checking: B0C2HLYMBF
2026-03-02 20:31:12,684 | INFO | 📊 B0C2HLYMBF | ₹? (MRP ₹1299) | 81% OFF | Women's & Girl's PU Leather Be
2026-03-02 20:31:14,186 | INFO | 📦 Checking: B0DBHRK3WH
2026-03-02 20:31:19,178 | INFO | 📊 B0DBHRK3WH | ₹? (MRP ₹799) | 63% OFF | Status Contract -Cotton Rich D
2026-03-02 20:31:20,681 | INFO | 📦 Checking: B08M66SG5Y
2026-03-02 20:31:26,775 | INFO | 📊 B08M66SG5Y | ₹169 (MRP ₹196) | 14% OFF | Newtone Garbage Bags | Small 1
2026-03-02 20:31:26,776 | INFO | 📡 TG Request via Bridge...
2026-03-02 20:31:27,996 | INFO | ✅ Posted: B08M66SG5Y (₹169)
2026-03-02 20:31:53,069 | INFO | 🔍 Scraper Cycle Start...
2026-03-02 20:31:54,627 | INFO | ✅ Found 285 ASINs via [Stealth]
2026-03-02 20:31:54,655 | INFO | 🎯 Processing 32 new deals...
2026-03-02 20:31:54,656 | INFO | 📦 Checking: B0GFVBJXL8
2026-03-02 20:31:57,235 | INFO | 📊 B0GFVBJXL8 | ₹485 (MRP ₹999) | 51% OFF | FLYNGO Sling Bag for Men Styli
2026-03-02 20:31:57,236 | INFO | 📡 TG Request via Bridge...
2026-03-02 20:31:58,300 | INFO | ✅ Posted: B0GFVBJXL8 (₹485)
2026-03-02 20:32:28,071 | INFO | 🔍 Scraper Cycle Start...
2026-03-02 20:32:29,944 | INFO | ✅ Found 284 ASINs via [Stealth]
2026-03-02 20:32:29,984 | INFO | ♻️ No new deals to post.
2026-03-02 20:32:58,394 | INFO | 🔍 Scraper Cycle Start...
2026-03-02 20:33:00,581 | INFO | ✅ Found 284 ASINs via [Stealth]
2026-03-02 20:33:00,584 | INFO | ♻️ No new deals to post.
2026-03-02 20:33:30,063 | INFO | 🔍 Scraper Cycle Start...
2026-03-02 20:33:32,267 | INFO | ✅ Found 269 ASINs via [Stealth]
2026-03-02 20:33:32,273 | INFO | 🎯 Processing 1 new deals...
2026-03-02 20:33:32,277 | INFO | 📦 Checking: B0C4YV7B59
2026-03-02 20:33:35,194 | INFO | 📊 B0C4YV7B59 | ₹? (MRP ₹?) | DEAL OFF | Snow Proof Inside Fur Wool Uni
2026-03-02 20:33:36,695 | WARNING | 📉 No qualifying deals found.
2026-03-02 20:34:00,656 | INFO | 🔍 Scraper Cycle Start...
2026-03-02 20:34:02,274 | INFO | ✅ Found 351 ASINs via [Stealth]
2026-03-02 20:34:02,277 | INFO | 🎯 Processing 44 new deals...
2026-03-02 20:34:02,278 | INFO | 📦 Checking: B06XHGX8KZ
2026-03-02 20:34:04,169 | INFO | 📊 B06XHGX8KZ | ₹? (MRP ₹1499) | 75% OFF | CREATURE Reversible Pu-Leather
2026-03-02 20:34:05,676 | INFO | 📦 Checking: B0DY4WPWJF
2026-03-02 20:34:10,098 | INFO | 📊 B0DY4WPWJF | ₹? (MRP ₹1200) | 58% OFF | PRIME DEALS 2 USB Universal Tr
2026-03-02 20:34:11,599 | INFO | 📦 Checking: B07MWCZNLN
2026-03-02 20:34:13,227 | INFO | 📊 B07MWCZNLN | ₹388 (MRP ₹2999) | 87% OFF | M MEDLER Epoch Nylon 55 litres
2026-03-02 20:34:13,228 | INFO | 📡 TG Request via Bridge...
2026-03-02 20:34:14,619 | INFO | ✅ Posted: B07MWCZNLN (₹388)
2026-03-02 20:34:36,765 | INFO | 🔍 Scraper Cycle Start...
2026-03-02 20:34:39,503 | INFO | ✅ Found 275 ASINs via [Stealth]
2026-03-02 20:34:39,526 | INFO | 🎯 Processing 1 new deals...
2026-03-02 20:34:39,528 | INFO | 📦 Checking: B01LNA2MQK
2026-03-02 20:34:43,117 | INFO | 📊 B01LNA2MQK | ₹156 (MRP ₹?) | 25% OFF | Dettol Liquid Handwash Refill 
2026-03-02 20:34:43,117 | INFO | 📡 TG Request via Bridge...
2026-03-02 20:34:44,593 | INFO | ✅ Posted: B01LNA2MQK (₹156)
2026-03-02 20:35:14,698 | INFO | 🔍 Scraper Cycle Start...
2026-03-02 20:35:18,200 | INFO | ✅ Found 264 ASINs via [Stealth]
2026-03-02 20:35:18,252 | INFO | ♻️ No new deals to post.
2026-03-02 20:35:44,677 | INFO | 🔍 Scraper Cycle Start...
2026-03-02 20:35:46,370 | INFO | ✅ Found 360 ASINs via [Stealth]
2026-03-02 20:35:46,373 | INFO | 🎯 Processing 45 new deals...
2026-03-02 20:35:46,374 | INFO | 📦 Checking: B0D33KQKHV
2026-03-02 20:35:50,696 | INFO | 📊 B0D33KQKHV | ₹? (MRP ₹999) | 70% OFF | Regular & Plus Size Women Full
2026-03-02 20:35:52,199 | INFO | 📦 Checking: B0DY4WPWJF
2026-03-02 20:35:54,933 | INFO | 📊 B0DY4WPWJF | ₹499 (MRP ₹1200) | 58% OFF | PRIME DEALS 2 USB Universal Tr
2026-03-02 20:35:54,934 | INFO | 📡 TG Request via Bridge...
2026-03-02 20:35:56,020 | INFO | ✅ Posted: B0DY4WPWJF (₹499)
2026-03-02 20:36:18,328 | INFO | 🔍 Scraper Cycle Start...
2026-03-02 20:36:20,066 | INFO | ✅ Found 266 ASINs via [Stealth]
2026-03-02 20:36:20,113 | INFO | 🎯 Processing 21 new deals...
2026-03-02 20:36:20,114 | INFO | 📦 Checking: B0CK2DD4RN
2026-03-02 20:36:23,070 | INFO | 📊 B0CK2DD4RN | ₹188 (MRP ₹599) | 69% OFF | THEMISTO 20 Watt Mini Hot Melt
2026-03-02 20:36:23,071 | INFO | 📡 TG Request via Bridge...
2026-03-02 20:36:24,470 | INFO | ✅ Posted: B0CK2DD4RN (₹188)
2026-03-02 20:36:56,101 | INFO | 🔍 Scraper Cycle Start...
2026-03-02 20:36:57,787 | INFO | ✅ Found 264 ASINs via [Stealth]
2026-03-02 20:36:57,833 | INFO | ♻️ No new deals to post.
2026-03-02 20:37:24,622 | INFO | 🔍 Scraper Cycle Start...
2026-03-02 20:37:26,541 | INFO | ✅ Found 292 ASINs via [Stealth]
2026-03-02 20:37:26,544 | INFO | ♻️ No new deals to post.
2026-03-02 20:37:57,879 | INFO | 🔍 Scraper Cycle Start...
2026-03-02 20:38:00,966 | INFO | ✅ Found 65 ASINs via [Stealth]
2026-03-02 20:38:00,972 | INFO | 🎯 Processing 55 new deals...
2026-03-02 20:38:00,976 | INFO | 📦 Checking: B0FCMKNCJ4
2026-03-02 20:38:02,647 | INFO | 📊 B0FCMKNCJ4 | ₹? (MRP ₹30999) | 13% OFF | OnePlus Nord CE5 | MediaTek Di
2026-03-02 20:38:04,148 | INFO | 📦 Checking: B0FT8HVP1D
2026-03-02 20:38:10,843 | INFO | 📊 B0FT8HVP1D | ₹? (MRP ₹75000) | 45% OFF | Blue Star 1.5 Ton 5 Star, 60 M
2026-03-02 20:38:12,344 | INFO | 📦 Checking: B07B8K3RQK
2026-03-02 20:38:15,322 | INFO | 📊 B07B8K3RQK | ₹569 (MRP ₹?) | 72% OFF | Storite 2 Pack Moisture Proof 
2026-03-02 20:38:15,322 | INFO | 📡 TG Request via Bridge...
2026-03-02 20:38:16,052 | INFO | ✅ Posted: B07B8K3RQK (₹569)
2026-03-02 20:38:26,629 | INFO | 🔍 Scraper Cycle Start...
2026-03-02 20:38:29,021 | INFO | ✅ Found 269 ASINs via [Stealth]
2026-03-02 20:38:29,050 | INFO | 🎯 Processing 1 new deals...
2026-03-02 20:38:29,054 | INFO | 📦 Checking: B0C4YV7B59
2026-03-02 20:38:32,400 | INFO | 📊 B0C4YV7B59 | ₹? (MRP ₹?) | DEAL OFF | Snow Proof Inside Fur Wool Uni
2026-03-02 20:38:33,902 | WARNING | 📉 No qualifying deals found.
2026-03-02 20:39:16,139 | INFO | 🔍 Scraper Cycle Start...
2026-03-02 20:39:18,954 | INFO | ✅ Found 272 ASINs via [Stealth]
2026-03-02 20:39:18,957 | INFO | 🎯 Processing 20 new deals...
2026-03-02 20:39:18,958 | INFO | 📦 Checking: B0DBHRK3WH
2026-03-02 20:39:24,131 | INFO | 📊 B0DBHRK3WH | ₹? (MRP ₹799) | 63% OFF | Status Contract -Cotton Rich D
2026-03-02 20:39:25,632 | INFO | 📦 Checking: B0DJ1DTZ7J
2026-03-02 20:39:30,754 | INFO | 📊 B0DJ1DTZ7J | ₹? (MRP ₹1999) | 84% OFF | Status Contract Cotton Rich Do
2026-03-02 20:39:32,255 | INFO | 📦 Checking: B0C2HLYMBF
2026-03-02 20:39:33,998 | INFO | 🔍 Scraper Cycle Start...
2026-03-02 20:39:34,660 | INFO | 📦 Checking: B0DHZP39G2
2026-03-02 20:39:35,730 | INFO | ✅ Found 272 ASINs via [Stealth]
2026-03-02 20:39:35,732 | INFO | 🎯 Processing 21 new deals...
2026-03-02 20:39:35,732 | INFO | 📦 Checking: B07RSL1R5N
2026-03-02 20:39:39,362 | INFO | 📊 B0DHZP39G2 | ₹? (MRP ₹799) | 79% OFF | Status Contract Cotton Rich Do
2026-03-02 20:39:39,376 | INFO | 📊 B07RSL1R5N | ₹? (MRP ₹599) | 53% OFF | ARKYLE Winter Socks for Men Th
2026-03-02 20:39:40,869 | INFO | 📦 Checking: B0DHZLBVSF
2026-03-02 20:39:40,878 | INFO | 📦 Checking: B0C2HLYMBF
2026-03-02 20:39:43,655 | INFO | 📊 B0DHZLBVSF | ₹567 (MRP ₹799) | 29% OFF | Status Contract Cotton Rich Do
2026-03-02 20:39:43,658 | INFO | 📡 TG Request via Bridge...
2026-03-02 20:39:44,217 | INFO | 📊 B0C2HLYMBF | ₹? (MRP ₹1299) | 81% OFF | Women's & Girl's PU Leather Be
2026-03-02 20:39:44,843 | INFO | ✅ Posted: B0DHZLBVSF (₹567)
2026-03-02 20:39:45,718 | INFO | 📦 Checking: B0CQX7JFD9
2026-03-02 20:39:49,061 | INFO | 📊 B0CQX7JFD9 | ₹189 (MRP ₹499) | 62% OFF | Gadget Deals- Gel Exercise Bal
2026-03-02 20:39:49,062 | INFO | 📡 TG Request via Bridge...
2026-03-02 20:39:50,258 | INFO | ✅ Posted: B0CQX7JFD9 (₹189)
2026-03-02 20:40:44,917 | INFO | 🔍 Scraper Cycle Start...
2026-03-02 20:40:47,310 | INFO | ✅ Found 270 ASINs via [Stealth]
2026-03-02 20:40:47,356 | INFO | 🎯 Processing 2 new deals...
2026-03-02 20:40:47,359 | INFO | 📦 Checking: B0GPNLXLP6
2026-03-02 20:40:50,358 | INFO | 🔍 Scraper Cycle Start...
2026-03-02 20:40:51,234 | INFO | 📊 B0GPNLXLP6 | ₹? (MRP ₹499) | 64% OFF | Classic Card Game – 112 Colorf
2026-03-02 20:40:52,708 | INFO | ✅ Found 270 ASINs via [Stealth]
2026-03-02 20:40:52,715 | INFO | 🎯 Processing 2 new deals...
2026-03-02 20:40:52,719 | INFO | 📦 Checking: B0GPNLXLP6
2026-03-02 20:40:52,759 | INFO | 📦 Checking: B0C4YV7B59
2026-03-02 20:40:55,939 | INFO | 📊 B0C4YV7B59 | ₹? (MRP ₹?) | DEAL OFF | Snow Proof Inside Fur Wool Uni
2026-03-02 20:40:55,961 | INFO | 📊 B0GPNLXLP6 | ₹? (MRP ₹499) | 64% OFF | Classic Card Game – 112 Colorf
2026-03-02 20:40:57,453 | WARNING | 📉 No qualifying deals found.
2026-03-02 20:40:57,470 | INFO | 📦 Checking: B0C4YV7B59
2026-03-02 20:41:01,026 | INFO | 📊 B0C4YV7B59 | ₹? (MRP ₹?) | DEAL OFF | Snow Proof Inside Fur Wool Uni
2026-03-02 20:41:02,535 | WARNING | 📉 No qualifying deals found.
2026-03-02 22:33:45,570 | INFO | 🔍 Scraper Cycle Start...
2026-03-02 22:33:45,857 | INFO | 🔍 Scraper Cycle Start...
2026-03-02 22:33:51,576 | INFO | 🔄 Engine Shift 3 | 104.16.133.229:8880 (Blacklisted: 3)
2026-03-02 22:33:51,596 | INFO | 🔄 Engine Shift 3 | 172.67.209.149:2053 (Blacklisted: 3)
2026-03-02 22:33:57,826 | INFO | 🔄 Engine Shift 6 | 172.64.155.249:2087 (Blacklisted: 6)
2026-03-02 22:33:57,924 | INFO | 🔄 Engine Shift 6 | 104.16.132.229:2083 (Blacklisted: 6)
2026-03-02 22:34:02,543 | INFO | ✅ Found 30 ASINs via [Stealth]
2026-03-02 22:34:02,548 | INFO | ✅ Found 30 ASINs via [Stealth]
2026-03-02 22:34:02,676 | INFO | 🎯 Processing 27 new deals...
2026-03-02 22:34:03,132 | INFO | 📦 Checking: B0GF22T5WM
2026-03-02 22:34:03,133 | INFO | 📦 Checking: B0FHWFV5VS
2026-03-02 22:34:15,515 | INFO | 📊 B0FHWFV5VS | ₹38999 (MRP ₹43999) | 11% OFF | Vivo V60 5G (Mist Gray, 8GB RA
2026-03-02 22:34:15,780 | INFO | ⏭️ Skip B0FHWFV5VS (₹38999 > ₹5000.0)
2026-03-02 22:34:18,173 | INFO | 📦 Checking: B0FM3C4L2F
2026-03-06 19:09:04,264 | INFO | 📡 DNS resolution looks normal.
2026-03-06 19:09:04,274 | INFO | 🖥️ Headless Mode | HF=False
2026-03-06 19:09:04,275 | INFO | 🖥️ Headless Mode Start.
2026-03-06 19:09:14,287 | INFO | 🚀 Resilience v33 Ultra Boots | HF=False
2026-03-06 19:09:14,339 | INFO | 🛠️ Verifying Connection...
2026-03-06 19:09:14,439 | INFO | 📡 TG Request via Bridge...
2026-03-06 19:09:15,919 | INFO | ✅ Connection OK → @asd3dfghhb_bot
2026-03-06 19:09:15,963 | INFO | 🔍 Scraper Cycle Start...
2026-03-06 19:09:17,519 | INFO | ✅ Found 259 ASINs via [Stealth]
2026-03-06 19:09:17,541 | INFO | ♻️ No new deals to post.
2026-03-06 19:23:50,574 | INFO | 📡 DNS resolution looks normal.
2026-03-06 19:23:50,577 | INFO | 🖥️ Headless Mode | HF=False
2026-03-06 19:23:50,577 | INFO | 🖥️ Headless Mode Start.
2026-03-06 19:24:00,586 | INFO | 🚀 Resilience v33 Ultra Boots | HF=False
2026-03-06 19:24:00,588 | INFO | 🛠️ Verifying Connection...
2026-03-06 19:24:00,588 | INFO | 📡 TG Request via Bridge...
2026-03-06 19:24:01,774 | INFO | ✅ Connection OK → @asd3dfghhb_bot
2026-03-06 19:24:01,778 | INFO | 🔍 Scraper Cycle Start...
2026-03-06 19:24:03,974 | INFO | ✅ Found 274 ASINs via [Stealth]
2026-03-06 19:24:03,998 | INFO | 🎯 Processing 1 new deals...
2026-03-06 19:24:04,009 | INFO | 📦 Checking: B0821PN8L4
2026-03-06 19:24:06,213 | INFO | 📊 B0821PN8L4 | ₹319 (MRP ₹480) | 34% OFF | Amazon Brand - Presto! Garbage
2026-03-06 19:24:06,216 | INFO | 📡 TG Request via Bridge...
2026-03-06 19:24:07,816 | INFO | ✅ Posted: B0821PN8L4 (₹319)
2026-03-06 19:28:20,024 | INFO | 📡 DNS resolution looks normal.
2026-03-06 19:28:20,026 | INFO | 🖥️ Headless Mode | HF=False
2026-03-06 19:28:20,027 | INFO | 🖥️ Headless Mode Start.
2026-03-06 19:28:30,180 | INFO | 🚀 Resilience v33 Ultra Boots | HF=False
2026-03-06 19:28:30,380 | INFO | 🛠️ Verifying Connection...
2026-03-06 19:28:30,826 | INFO | 📡 TG Request via Bridge...
2026-03-06 19:28:42,986 | INFO | ✅ Connection OK → @asd3dfghhb_bot
2026-03-06 19:28:43,319 | INFO | 🔍 Scraper Cycle Start...
2026-03-06 19:28:45,937 | INFO | ✅ Found 283 ASINs via [Stealth]
2026-03-06 19:28:46,314 | INFO | 🎯 Processing 5 new deals...
2026-03-06 19:28:46,533 | INFO | 📦 Checking: B0CKRJ8424
2026-03-06 19:28:49,683 | INFO | 📊 B0CKRJ8424 | ₹? (MRP ₹599) | 73% OFF | Cortina Pack of 1 Quick Dry Wa
2026-03-06 19:28:51,192 | INFO | 📦 Checking: B0CKRH9S8G
2026-03-06 19:28:54,347 | INFO | 📊 B0CKRH9S8G | ₹179 (MRP ₹599) | 70% OFF | Cortina Pack of 1 Quick Dry Wa
2026-03-06 19:28:54,354 | INFO | 📡 TG Request via Bridge...
2026-03-06 19:28:55,841 | INFO | ✅ Posted: B0CKRH9S8G (₹179)
2026-03-06 19:31:24,740 | INFO | 📡 DNS resolution looks normal.
2026-03-06 19:31:24,741 | INFO | 🖥️ Headless Mode | HF=False
2026-03-06 19:31:24,742 | INFO | 🖥️ Headless Mode Start.
2026-03-06 19:31:34,743 | INFO | 🚀 Resilience v33 Ultra Boots | HF=False
2026-03-06 19:31:34,745 | INFO | 🛠️ Verifying Connection...
2026-03-06 19:31:34,746 | INFO | 📡 TG Request via Bridge...
2026-03-06 19:31:35,824 | INFO | ✅ Connection OK → @asd3dfghhb_bot
2026-03-06 19:31:35,866 | INFO | 🔍 Scraper Cycle Start...
2026-03-06 19:31:37,646 | INFO | ✅ Found 115 ASINs via [Stealth]
2026-03-06 19:31:37,669 | INFO | 🎯 Processing 11 new deals...
2026-03-06 19:31:37,671 | INFO | 📦 Checking: B0C4YV7B59
2026-03-06 19:31:40,548 | INFO | 📊 B0C4YV7B59 | ₹199 (MRP ₹899) | 78% OFF | Snow Proof Inside Fur Wool Uni
2026-03-06 19:31:40,552 | INFO | 📡 TG Request via Bridge...
2026-03-06 19:31:41,398 | INFO | ✅ Posted: B0C4YV7B59 (₹199)
2026-03-06 19:41:30,482 | INFO | 📡 DNS resolution looks normal.
2026-03-06 19:41:30,484 | INFO | 🖥️ Headless Mode | HF=False
2026-03-06 19:41:30,484 | INFO | 🖥️ Headless Mode Start.
2026-03-06 19:41:40,485 | INFO | 🚀 Resilience v33 Ultra Boots | HF=False
2026-03-06 19:41:40,487 | INFO | 🛠️ Verifying Connection...
2026-03-06 19:41:40,487 | INFO | 📡 TG Request via Bridge...
2026-03-06 19:41:41,798 | INFO | ✅ Connection OK → @asd3dfghhb_bot
2026-03-06 19:41:41,803 | INFO | 🔍 Scraper Cycle Start...
2026-03-06 19:41:43,535 | INFO | ✅ Found 269 ASINs via [Stealth]
2026-03-06 19:41:43,858 | INFO | ♻️ No new deals to post.
2026-03-06 19:59:50,263 | INFO | 📡 DNS resolution looks normal.
2026-03-06 19:59:50,265 | INFO | 🖥️ Headless Mode | HF=False
2026-03-06 19:59:50,266 | INFO | 🖥️ Headless Mode Start.
2026-03-06 20:00:00,267 | INFO | 🚀 Resilience v33 Ultra Boots | HF=False
2026-03-06 20:00:00,268 | INFO | 🛠️ Verifying Connection...
2026-03-06 20:00:00,269 | INFO | 📡 TG Request via Bridge...
2026-03-06 20:00:01,250 | INFO | ✅ Connection OK → @asd3dfghhb_bot
2026-03-06 20:00:01,254 | INFO | 🔍 Scraper Cycle Start...
2026-03-06 20:00:03,289 | INFO | ✅ Found 30 ASINs via [Stealth]
2026-03-06 20:00:03,292 | INFO | 🎯 Processing 30 new deals...
2026-03-06 20:00:03,313 | INFO | 📦 Checking: B0DW47JCHW
2026-03-06 20:00:09,148 | INFO | 📊 B0DW47JCHW | ₹? (MRP ₹33999) | 15% OFF | iQOO Neo 10R 5G (Moonknight Ti
2026-03-06 20:00:10,658 | INFO | 📦 Checking: B0F43DMKDJ
2026-03-06 20:00:13,978 | INFO | 📊 B0F43DMKDJ | ₹25990 (MRP ₹39500) | 34% OFF | Samsung 108 cm (43 inches) Cry
2026-03-06 20:00:13,979 | INFO | ⏭️ Skip B0F43DMKDJ (₹25990 > ₹5000.0)
2026-03-06 20:00:15,506 | INFO | 📦 Checking: B0FCMK41N9
2026-03-06 20:00:18,770 | INFO | 📊 B0FCMK41N9 | ₹26997 (MRP ₹30999) | 13% OFF | OnePlus Nord CE5 | MediaTek Di
2026-03-06 20:00:18,771 | INFO | ⏭️ Skip B0FCMK41N9 (₹26997 > ₹5000.0)
2026-03-06 20:00:20,272 | INFO | 📦 Checking: B0GCFBDLDW
2026-03-06 20:00:24,521 | INFO | 📊 B0GCFBDLDW | ₹? (MRP ₹?) | DEAL OFF | Carrier 1.5 Ton 5 Star Wi-Fi S
2026-03-06 20:00:26,022 | INFO | 📦 Checking: B0GL8D6GV3
2026-03-06 20:00:28,643 | INFO | 📊 B0GL8D6GV3 | ₹47998 (MRP ₹56999) | 16% OFF | iQOO 15R (Dark Knight, 12GB RA
2026-03-06 20:00:28,644 | INFO | ⏭️ Skip B0GL8D6GV3 (₹47998 > ₹5000.0)
2026-03-06 20:00:30,145 | INFO | 📦 Checking: B0CWPD9PTK
2026-03-06 20:00:34,543 | INFO | 📊 B0CWPD9PTK | ₹? (MRP ₹48999) | 39% OFF | Samsung Galaxy A55 5G (Awesome
2026-03-06 20:00:36,158 | INFO | 📦 Checking: B0F43CHDSN
2026-03-06 20:00:39,147 | INFO | 📊 B0F43CHDSN | ₹43990 (MRP ₹81900) | 46% OFF | Samsung 138 cm (55 inches) Vis
2026-03-06 20:00:39,147 | INFO | ⏭️ Skip B0F43CHDSN (₹43990 > ₹5000.0)
2026-03-06 20:00:40,649 | INFO | 📦 Checking: B0DPS62DYH
2026-03-06 20:00:45,531 | INFO | 📊 B0DPS62DYH | ₹? (MRP ₹44999) | 11% OFF | OnePlus 13R| Smarter with OneP
2026-03-06 20:00:47,086 | INFO | 📦 Checking: B0DQVH9QGQ
2026-03-06 20:00:50,442 | INFO | 📊 B0DQVH9QGQ | ₹21999 (MRP ₹28999) | 24% OFF | Redmi Note 14 Pro 5G Phantom P
2026-03-06 20:00:50,442 | INFO | ⏭️ Skip B0DQVH9QGQ (₹21999 > ₹5000.0)
2026-03-06 20:00:51,944 | INFO | 📦 Checking: B0GF22T5WM
2026-03-06 20:00:56,693 | INFO | 📊 B0GF22T5WM | ₹31999 (MRP ₹34999) | 9% OFF | REDMI Note 15 Pro 5G (Silver A
2026-03-06 20:00:56,694 | INFO | ⏭️ Skip B0GF22T5WM (₹31999 > ₹5000.0)
2026-03-06 20:00:58,196 | INFO | 📦 Checking: B0F83LL1D2
2026-03-06 20:01:02,532 | INFO | 📊 B0F83LL1D2 | ₹36998 (MRP ₹38999) | 5% OFF | iQOO Neo 10 (Titanium Chrome, 
2026-03-06 20:01:02,533 | INFO | ⏭️ Skip B0F83LL1D2 (₹36998 > ₹5000.0)
2026-03-06 20:01:04,034 | INFO | 📦 Checking: B0FNS215RC
2026-03-06 20:01:07,195 | INFO | 📊 B0FNS215RC | ₹42990 (MRP ₹72000) | 40% OFF | Lenovo V15 Intel Core i3 13th 
2026-03-06 20:01:07,195 | INFO | ⏭️ Skip B0FNS215RC (₹42990 > ₹5000.0)
2026-03-06 20:01:08,697 | INFO | 📦 Checking: B0GL89JY6X
2026-03-06 20:01:11,603 | INFO | 📊 B0GL89JY6X | ₹87999 (MRP ₹107999) | 19% OFF | Samsung Galaxy S26 5G (Cobalt 
2026-03-06 20:01:11,604 | INFO | ⏭️ Skip B0GL89JY6X (₹87999 > ₹5000.0)
2026-03-06 20:01:13,225 | INFO | 📦 Checking: B0FXXMX5J5
2026-03-06 20:01:17,870 | INFO | 📊 B0FXXMX5J5 | ₹? (MRP ₹18999) | 28% OFF | Pova 7 5G (Oasis Green, 8GB+12
2026-03-06 20:01:19,371 | INFO | 📦 Checking: B0FZT1LXPZ
2026-03-06 20:01:22,456 | INFO | 📊 B0FZT1LXPZ | ₹47998 (MRP ₹54999) | 13% OFF | OnePlus 15R | 12GB+256GB | Min
2026-03-06 20:01:22,642 | INFO | ⏭️ Skip B0FZT1LXPZ (₹47998 > ₹5000.0)
2026-03-06 20:01:24,154 | WARNING | 📉 No qualifying deals found.
2026-03-06 20:12:18,054 | INFO | 📡 DNS resolution looks normal.
2026-03-06 20:12:18,055 | INFO | 🖥️ Headless Mode | HF=False
2026-03-06 20:12:18,056 | INFO | 🖥️ Headless Mode Start.
2026-03-06 20:12:18,062 | INFO | 🌐 Starting Health Check Server on port 8080
2026-03-06 20:12:18,511 | INFO | [31m[1mWARNING: This is a development server. Do not use it in a production deployment. Use a production WSGI server instead.[0m
 * Running on all addresses (0.0.0.0)
 * Running on http://127.0.0.1:8080
 * Running on http://192.168.0.104:8080
2026-03-06 20:12:18,522 | INFO | [33mPress CTRL+C to quit[0m
2026-03-06 20:12:28,063 | INFO | 🚀 Resilience v33 Ultra Boots | HF=False
2026-03-06 20:12:28,064 | INFO | 🛠️ Verifying Connection...
2026-03-06 20:12:28,065 | INFO | 📡 TG Request via Bridge...
2026-03-06 20:12:29,420 | INFO | ✅ Connection OK → @asd3dfghhb_bot
2026-03-06 20:12:29,425 | INFO | 🔍 Scraper Cycle Start...
2026-03-06 20:12:33,074 | INFO | ✅ Found 281 ASINs via [Stealth]
2026-03-06 20:12:33,121 | INFO | 🎯 Processing 6 new deals...
2026-03-06 20:12:33,132 | INFO | 📦 Checking: B0CNW8YPK4
2026-03-06 20:12:34,937 | INFO | 📊 B0CNW8YPK4 | ₹? (MRP ₹96) | 34% OFF | Ganesh Spark Gas Lighter for K
2026-03-06 20:12:36,442 | INFO | 📦 Checking: B0CKRGLFQF
2026-03-06 20:12:39,562 | INFO | 📊 B0CKRGLFQF | ₹179 (MRP ₹599) | 70% OFF | Cortina Pack of 1 Quick Dry Wa
2026-03-06 20:12:39,563 | INFO | 📡 TG Request via Bridge...
2026-03-06 20:12:40,703 | INFO | ✅ Posted: B0CKRGLFQF (₹179)
2026-03-06 22:34:30,436 | INFO | 📡 DNS resolution looks normal.
2026-03-06 22:34:30,443 | INFO | 🖥️ Headless Mode | HF=False
2026-03-06 22:34:30,444 | INFO | 🖥️ Headless Mode Start.
2026-03-06 22:34:30,454 | INFO | 🌐 Starting Health Check Server on port 8080
2026-03-06 22:34:30,669 | INFO | [31m[1mWARNING: This is a development server. Do not use it in a production deployment. Use a production WSGI server instead.[0m
 * Running on all addresses (0.0.0.0)
 * Running on http://127.0.0.1:8080
 * Running on http://192.168.0.104:8080
2026-03-06 22:34:30,682 | INFO | [33mPress CTRL+C to quit[0m
2026-03-06 22:34:40,456 | INFO | 🚀 Resilience v33 Ultra Boots | HF=False
2026-03-06 22:34:40,458 | INFO | 🛠️ Verifying Connection...
2026-03-06 22:34:40,459 | INFO | 📡 TG Request via Bridge...
2026-03-06 22:34:41,623 | INFO | ✅ Connection OK → @asd3dfghhb_bot
2026-03-06 22:34:41,715 | INFO | 🔍 Scraper Cycle Start...
2026-03-06 22:34:44,494 | INFO | ✅ Found 103 ASINs via [Stealth]
2026-03-06 22:34:44,514 | INFO | 🎯 Processing 6 new deals...
2026-03-06 22:34:44,517 | INFO | 📦 Checking: B0CKRJ8424
2026-03-06 22:34:48,211 | INFO | 📊 B0CKRJ8424 | ₹161.10 (MRP ₹599) | 73% OFF | Cortina Pack of 1 Quick Dry Wa
2026-03-06 22:34:48,212 | INFO | 📡 TG Request via Bridge...
2026-03-06 22:34:50,002 | INFO | ✅ Posted: B0CKRJ8424 (₹161.10)
2026-03-06 22:36:56,777 | INFO | 📡 DNS resolution looks normal.
2026-03-06 22:36:56,778 | INFO | 🖥️ Headless Mode | HF=False
2026-03-06 22:36:56,778 | INFO | 🖥️ Headless Mode Start.
2026-03-06 22:36:56,784 | INFO | 🌐 Starting Health Check Server on port 8080
2026-03-06 22:36:56,825 | INFO | [31m[1mWARNING: This is a development server. Do not use it in a production deployment. Use a production WSGI server instead.[0m
 * Running on all addresses (0.0.0.0)
 * Running on http://127.0.0.1:8080
 * Running on http://192.168.0.104:8080
2026-03-06 22:36:56,825 | INFO | [33mPress CTRL+C to quit[0m
2026-03-06 22:37:07,112 | INFO | 🚀 Resilience v33 Ultra Boots | HF=False
2026-03-06 22:37:07,747 | INFO | 🛠️ Verifying Connection...
2026-03-06 22:37:08,011 | INFO | 📡 TG Request via Bridge...
2026-03-06 22:37:08,906 | INFO | ✅ Connection OK → @asd3dfghhb_bot
2026-03-06 22:37:09,095 | INFO | 🔍 Scraper Cycle Start...
2026-03-06 22:37:12,331 | INFO | ✅ Found 64 ASINs via [Stealth]
2026-03-06 22:37:12,761 | INFO | 🎯 Processing 59 new deals...
2026-03-06 22:37:12,967 | INFO | 📦 Checking: B0D9BHVTVW
2026-03-06 22:37:19,492 | INFO | 📊 B0D9BHVTVW | ₹847 (MRP ₹6299) | 87% OFF | Kuber Industries Stainless Ste
2026-03-06 22:37:19,572 | INFO | 📡 TG Request via Bridge...
2026-03-06 22:37:21,161 | INFO | ✅ Posted: B0D9BHVTVW (₹847)
2026-03-06 23:07:22,057 | INFO | 🔍 Scraper Cycle Start...
2026-03-06 23:07:25,052 | INFO | ✅ Found 317 ASINs via [Stealth]
2026-03-06 23:07:25,079 | INFO | 🎯 Processing 35 new deals...
2026-03-06 23:07:25,080 | INFO | 📦 Checking: B07RSL1R5N
2026-03-06 23:07:30,434 | INFO | 📊 B07RSL1R5N | ₹284 (MRP ₹?) | 53% OFF | ARKYLE Winter Socks for Men Th
2026-03-06 23:07:30,449 | INFO | 📡 TG Request via Bridge...
2026-03-06 23:07:33,082 | INFO | ✅ Posted: B07RSL1R5N (₹284)
2026-03-06 23:09:39,405 | INFO | 📡 DNS resolution looks normal.
2026-03-06 23:09:39,406 | INFO | 🖥️ Headless Mode | HF=False
2026-03-06 23:09:39,471 | INFO | [31m[1mWARNING: This is a development server. Do not use it in a production deployment. Use a production WSGI server instead.[0m
 * Running on http://127.0.0.1:9999
2026-03-06 23:09:39,474 | INFO | [33mPress CTRL+C to quit[0m
2026-03-06 23:09:41,427 | INFO | 127.0.0.1 - - [06/Mar/2026 23:09:41] "GET / HTTP/1.1" 200 -
2026-03-07 22:31:46,868 | INFO | 📡 DNS resolution looks normal.
2026-03-07 22:31:46,870 | INFO | 🖥️ Headless Mode | HF=False
2026-03-07 22:31:46,879 | INFO | 🖥️ Headless Mode Start. Version: v34
2026-03-07 22:31:46,881 | INFO | 🌐 Starting Health Check Server on port 8080
2026-03-07 22:31:47,033 | INFO | [31m[1mWARNING: This is a development server. Do not use it in a production deployment. Use a production WSGI server instead.[0m
 * Running on all addresses (0.0.0.0)
 * Running on http://127.0.0.1:8080
 * Running on http://192.168.0.105:8080
2026-03-07 22:31:47,033 | INFO | [33mPress CTRL+C to quit[0m
2026-03-07 22:31:56,888 | INFO | 🚀 Resilience v33 Ultra Boots | HF=False
2026-03-07 22:31:56,888 | INFO | 🛠️ Verifying Connection...
2026-03-07 22:31:56,888 | INFO | 📡 TG Request via Bridge...
2026-03-07 22:32:08,847 | INFO | ✅ Connection OK → @asd3dfghhb_bot
2026-03-07 22:32:08,848 | INFO | 🔍 Scraper Cycle Start...
2026-03-07 22:32:12,251 | INFO | ✅ Found 280 ASINs via [Stealth]
2026-03-07 22:32:12,259 | INFO | 🎯 Processing 4 new deals...
2026-03-07 22:32:12,259 | INFO | 📦 Checking: B0CKRG9GLR
2026-03-07 22:32:27,898 | INFO | 📊 B0CKRG9GLR | ₹179 (MRP ₹599) | 70% OFF | Cortina Pack of 1 Quick Dry Wa
2026-03-07 22:32:27,898 | INFO | 📡 TG Request via Bridge...
2026-03-07 22:32:30,671 | INFO | ✅ Posted: B0CKRG9GLR (₹179)
2026-03-07 22:39:37,340 | INFO | 📡 DNS resolution looks normal.
2026-03-07 22:39:37,342 | INFO | 🖥️ Headless Mode | HF=False
2026-03-07 22:39:37,347 | INFO | 🖥️ Headless Mode Start. Version: v34
2026-03-07 22:39:37,348 | INFO | 🌐 Starting Health Check Server on port 8080
2026-03-07 22:39:37,392 | INFO | [31m[1mWARNING: This is a development server. Do not use it in a production deployment. Use a production WSGI server instead.[0m
 * Running on all addresses (0.0.0.0)
 * Running on http://127.0.0.1:8080
 * Running on http://192.168.0.105:8080
2026-03-07 22:39:37,407 | INFO | [33mPress CTRL+C to quit[0m
2026-03-07 22:39:47,402 | INFO | 🚀 Resilience v33 Ultra Boots | HF=False
2026-03-07 22:39:47,420 | INFO | 🛠️ Verifying Connection...
2026-03-07 22:39:47,447 | INFO | 📡 TG Request via Bridge...
2026-03-07 22:39:48,644 | INFO | ✅ Connection OK → @asd3dfghhb_bot
2026-03-07 22:39:48,646 | INFO | 🔍 Scraper Cycle Start...
2026-03-07 22:39:50,388 | INFO | ✅ Found 306 ASINs via [Stealth]
2026-03-07 22:39:50,390 | INFO | 🎯 Processing 29 new deals...
2026-03-07 22:39:50,393 | INFO | 📦 Checking: B0FVLZSSBL
2026-03-07 22:39:54,039 | INFO | 📊 B0FVLZSSBL | ₹219.00 (MRP ₹899) | 76% OFF | WINSOME DEAL Men's Canvas Belt
2026-03-07 22:39:54,040 | INFO | 📡 TG Request via Bridge...
2026-03-07 22:39:55,526 | INFO | ✅ Posted: B0FVLZSSBL (₹219.00)
2026-03-07 22:41:46,887 | INFO | 📡 DNS resolution looks normal.
2026-03-07 22:41:46,887 | INFO | 🖥️ Headless Mode | HF=False
2026-03-07 22:41:46,892 | INFO | 🖥️ Headless Mode Start. Version: v34
2026-03-07 22:41:46,894 | INFO | 🌐 Starting Health Check Server on port 8080
2026-03-07 22:41:46,943 | INFO | [31m[1mWARNING: This is a development server. Do not use it in a production deployment. Use a production WSGI server instead.[0m
 * Running on all addresses (0.0.0.0)
 * Running on http://127.0.0.1:8080
 * Running on http://192.168.0.105:8080
2026-03-07 22:41:46,943 | INFO | [33mPress CTRL+C to quit[0m
2026-03-07 22:41:56,894 | INFO | 🚀 Resilience v33 Ultra Boots | HF=False
2026-03-07 22:41:56,895 | INFO | 🛠️ Verifying Connection...
2026-03-07 22:41:56,895 | INFO | 📡 TG Request via Bridge...
2026-03-07 22:41:57,871 | INFO | ✅ Connection OK → @asd3dfghhb_bot
2026-03-07 22:41:57,875 | INFO | 🔍 Scraper Cycle Start...
2026-03-07 22:42:09,815 | INFO | ✅ Found 90 ASINs via [Tunnel]
2026-03-07 22:42:09,818 | INFO | 🎯 Processing 29 new deals...
2026-03-07 22:42:09,819 | INFO | 📦 Checking: B0DH3J6LB9
2026-03-07 22:42:14,668 | INFO | 📊 B0DH3J6LB9 | ₹99 (MRP ₹599) | 83% OFF | Portronics Bridge Y USB 3.0 to
2026-03-07 22:42:14,668 | INFO | 📡 TG Request via Bridge...
2026-03-07 22:42:15,828 | INFO | ✅ Posted: B0DH3J6LB9 (₹99)
2026-03-07 22:43:39,821 | INFO | 📡 DNS resolution looks normal.
2026-03-07 22:43:39,822 | INFO | 🖥️ Headless Mode | HF=False
2026-03-07 22:43:39,825 | INFO | 🖥️ Headless Mode Start. Version: v34
2026-03-07 22:43:39,826 | INFO | 🌐 Starting Health Check Server on port 8080
2026-03-07 22:43:39,854 | INFO | [31m[1mWARNING: This is a development server. Do not use it in a production deployment. Use a production WSGI server instead.[0m
 * Running on all addresses (0.0.0.0)
 * Running on http://127.0.0.1:8080
 * Running on http://192.168.0.105:8080
2026-03-07 22:43:39,858 | INFO | [33mPress CTRL+C to quit[0m
2026-03-07 22:43:50,020 | INFO | 🚀 Resilience v33 Ultra Boots | HF=False
2026-03-07 22:43:50,362 | INFO | 🛠️ Verifying Connection...
2026-03-07 22:43:50,448 | INFO | 📡 TG Request via Bridge...
2026-03-07 22:43:51,118 | INFO | ✅ Connection OK → @asd3dfghhb_bot
2026-03-07 22:43:51,239 | INFO | 🔍 Scraper Cycle Start...
2026-03-07 22:43:58,980 | INFO | ✅ Found 90 ASINs via [Stealth]
2026-03-07 22:43:58,984 | INFO | 🎯 Processing 30 new deals...
2026-03-07 22:43:58,985 | INFO | 📦 Checking: B0F73SVVZH
2026-03-07 22:44:02,041 | INFO | 📊 B0F73SVVZH | ₹599 (MRP ₹1499) | 60% OFF | Portronics Mport 8 Plus Dual P
2026-03-07 22:44:02,042 | INFO | 📡 TG Request via Bridge...
2026-03-07 22:44:02,951 | INFO | ✅ Posted: B0F73SVVZH (₹599)
2026-03-07 22:47:59,956 | INFO | 📡 DNS resolution looks normal.
2026-03-07 22:47:59,957 | INFO | 🖥️ Headless Mode | HF=False
2026-03-07 22:47:59,961 | INFO | 🖥️ Headless Mode Start. Version: v34
2026-03-07 22:47:59,964 | INFO | 🌐 Starting Health Check Server on port 8080
2026-03-07 22:47:59,985 | INFO | [31m[1mWARNING: This is a development server. Do not use it in a production deployment. Use a production WSGI server instead.[0m
 * Running on all addresses (0.0.0.0)
 * Running on http://127.0.0.1:8080
 * Running on http://192.168.0.105:8080
2026-03-07 22:47:59,992 | INFO | [33mPress CTRL+C to quit[0m
2026-03-07 22:48:09,998 | INFO | 🚀 Resilience v33 Ultra Boots | HF=False
2026-03-07 22:48:10,014 | INFO | 🛠️ Verifying Connection...
2026-03-07 22:48:10,282 | INFO | 📡 TG Request via Bridge...
2026-03-07 22:48:11,610 | INFO | ✅ Connection OK → @asd3dfghhb_bot
2026-03-07 22:48:11,612 | INFO | 🔍 Scraper Cycle Start...
2026-03-07 22:48:23,130 | INFO | ✅ Found 90 ASINs via [Tunnel]
2026-03-07 22:48:23,196 | INFO | 🎯 Processing 28 new deals...
2026-03-07 22:48:23,199 | INFO | 📦 Checking: B0F7KL64K7
2026-03-07 22:48:26,503 | INFO | 📊 B0F7KL64K7 | ₹299 (MRP ₹450) | 34% OFF | YATWIN Silicone Back Case for 
2026-03-07 22:48:26,504 | INFO | 📡 TG Request via Bridge...
2026-03-07 22:48:27,916 | INFO | ✅ Posted: B0F7KL64K7 (₹299)
2026-03-07 22:56:02,156 | INFO | 📡 DNS resolution looks normal.
2026-03-07 22:56:02,157 | INFO | 🖥️ Headless Mode | HF=False
2026-03-07 22:56:02,160 | INFO | 🖥️ Headless Mode Start. Version: v34
2026-03-07 22:56:02,161 | INFO | 🌐 Starting Health Check Server on port 8080
2026-03-07 22:56:02,180 | INFO | [31m[1mWARNING: This is a development server. Do not use it in a production deployment. Use a production WSGI server instead.[0m
 * Running on all addresses (0.0.0.0)
 * Running on http://127.0.0.1:8080
 * Running on http://192.168.0.105:8080
2026-03-07 22:56:02,181 | INFO | [33mPress CTRL+C to quit[0m
2026-03-07 22:56:12,328 | INFO | 🚀 Resilience v33 Ultra Boots | HF=False
2026-03-07 22:56:12,329 | INFO | 🛠️ Verifying Connection...
2026-03-07 22:56:12,329 | INFO | 📡 TG Request via Bridge...
2026-03-07 22:56:13,360 | INFO | ✅ Connection OK → @asd3dfghhb_bot
2026-03-07 22:56:13,363 | INFO | 🔍 Scraper Cycle Start...
2026-03-07 22:56:15,410 | INFO | ✅ Found 88 ASINs via [Stealth]
2026-03-07 22:56:15,411 | INFO | 🎯 Processing 24 new deals...
2026-03-07 22:56:15,412 | INFO | 📦 Checking: B07RTJV6G4
2026-03-07 22:56:18,920 | INFO | 📊 B07RTJV6G4 | ₹529 (MRP ₹1200) | 56% OFF | amazon basics Vacuum Compressi
2026-03-07 22:56:18,922 | INFO | 📡 TG Request via Bridge...
2026-03-07 22:56:20,327 | INFO | ✅ Posted: B07RTJV6G4 (₹529)
2026-03-07 22:56:20,330 | INFO | ✅ Batch Progress: 1/3
2026-03-07 22:56:23,831 | INFO | 📦 Checking: B07FPKJ7MP
2026-03-07 22:56:26,993 | INFO | 📊 B07FPKJ7MP | ₹350.00 (MRP ₹?) | 36% OFF | Godrej aer Matic Kit (Machine 
2026-03-07 22:56:26,993 | INFO | 📡 TG Request via Bridge...
2026-03-07 22:56:27,823 | INFO | ✅ Posted: B07FPKJ7MP (₹350.00)
2026-03-07 22:56:27,827 | INFO | ✅ Batch Progress: 2/3
2026-03-07 22:56:31,328 | INFO | 📦 Checking: B0BW4KJ6D1
2026-03-07 22:56:34,505 | INFO | 📊 B0BW4KJ6D1 | ₹1299 (MRP ₹3100) | 58% OFF | Bajaj Frore 1200 MM (48") 1 St
2026-03-07 22:56:34,506 | INFO | 📡 TG Request via Bridge...
2026-03-07 22:56:36,601 | INFO | ✅ Posted: B0BW4KJ6D1 (₹1299)
2026-03-07 22:56:36,606 | INFO | ✅ Batch Progress: 3/3
2026-03-07 22:56:40,107 | INFO | ✅ Cycle Complete. Posted 3 deals.
2026-03-07 22:58:38,571 | INFO | 📡 DNS resolution looks normal.
2026-03-07 22:58:38,572 | INFO | 🖥️ Headless Mode | HF=False
2026-03-07 22:58:38,576 | INFO | 🖥️ Headless Mode Start. Version: v34
2026-03-07 22:58:38,577 | INFO | 🌐 Starting Health Check Server on port 8080
2026-03-07 22:58:38,659 | INFO | [31m[1mWARNING: This is a development server. Do not use it in a production deployment. Use a production WSGI server instead.[0m
 * Running on all addresses (0.0.0.0)
 * Running on http://127.0.0.1:8080
 * Running on http://192.168.0.105:8080
2026-03-07 22:58:38,798 | INFO | [33mPress CTRL+C to quit[0m
2026-03-07 22:58:48,577 | INFO | 🚀 Resilience v33 Ultra Boots | HF=False
2026-03-07 22:58:48,580 | INFO | 🛠️ Verifying Connection...
2026-03-07 22:58:48,582 | INFO | 📡 TG Request via Bridge...
2026-03-07 22:58:49,579 | INFO | ✅ Connection OK → @asd3dfghhb_bot
2026-03-07 22:58:49,584 | INFO | 🔍 Scraper Cycle Start...
2026-03-07 22:58:52,153 | INFO | ✅ Found 88 ASINs via [Stealth]
2026-03-07 22:58:52,155 | INFO | 🎯 Processing 21 new deals...
2026-03-07 22:58:52,159 | INFO | 📦 Checking: B0DRCYP93L
2026-03-07 22:58:57,979 | INFO | 📊 B0DRCYP93L | ₹299 (MRP ₹649) | 54% OFF | PEXPO Water Bottle 1 ltr Stain
2026-03-07 22:58:57,980 | INFO | 📡 TG Request via Bridge...
2026-03-07 22:58:59,446 | INFO | ✅ Posted: B0DRCYP93L (₹299)
2026-03-07 22:58:59,450 | INFO | ✅ Batch Progress: 1/3
2026-03-07 22:59:02,954 | INFO | 📦 Checking: B083C6XMKQ
2026-03-07 22:59:07,642 | INFO | 📊 B083C6XMKQ | ₹215 (MRP ₹599) | 64% OFF | ATOM ALISTON K1 Series Digital
2026-03-07 22:59:07,644 | INFO | 📡 TG Request via Bridge...
2026-03-07 22:59:08,487 | INFO | ✅ Posted: B083C6XMKQ (₹215)
2026-03-07 22:59:08,493 | INFO | ✅ Batch Progress: 2/3
2026-03-07 22:59:12,061 | INFO | 📦 Checking: B00YMJ0OI8
2026-03-07 22:59:14,104 | INFO | 📊 B00YMJ0OI8 | ₹2070 (MRP ₹3645) | 43% OFF | Prestige PIC 20 1600 Watts Ind
2026-03-07 22:59:14,111 | INFO | ⏭️ Skip B00YMJ0OI8 (₹2070 > ₹2000.0)
2026-03-07 22:59:15,613 | INFO | 📦 Checking: B0FQ5JVLL8
2026-03-07 22:59:18,898 | INFO | 📊 B0FQ5JVLL8 | ₹? (MRP ₹?) | DEAL OFF | Fresh Assorted Roses (Button R
2026-03-07 22:59:20,525 | INFO | 📦 Checking: B0DXBCP7M4
2026-03-07 22:59:26,632 | INFO | 📊 B0DXBCP7M4 | ₹599 (MRP ₹1699) | 65% OFF | CareFoam Memory Foam Cervical 
2026-03-07 22:59:26,633 | INFO | 📡 TG Request via Bridge...
2026-03-07 22:59:27,477 | INFO | ✅ Posted: B0DXBCP7M4 (₹599)
2026-03-07 22:59:27,482 | INFO | ✅ Batch Progress: 3/3
2026-03-07 22:59:30,990 | INFO | ✅ Cycle Complete. Posted 3 deals.
2026-03-07 23:00:25,096 | INFO | 📡 DNS resolution looks normal.
2026-03-07 23:00:25,101 | INFO | 🖥️ Headless Mode | HF=False
2026-03-07 23:00:25,106 | INFO | 🖥️ Headless Mode Start. Version: v34
2026-03-07 23:00:25,107 | INFO | 🌐 Starting Health Check Server on port 8080
2026-03-07 23:00:25,121 | INFO | [31m[1mWARNING: This is a development server. Do not use it in a production deployment. Use a production WSGI server instead.[0m
 * Running on all addresses (0.0.0.0)
 * Running on http://127.0.0.1:8080
 * Running on http://192.168.0.105:8080
2026-03-07 23:00:25,124 | INFO | [33mPress CTRL+C to quit[0m
2026-03-07 23:00:35,107 | INFO | 🚀 Resilience v33 Ultra Boots | HF=False
2026-03-07 23:00:35,108 | INFO | 🛠️ Verifying Connection...
2026-03-07 23:00:35,109 | INFO | 📡 TG Request via Bridge...
2026-03-07 23:00:35,761 | INFO | ✅ Connection OK → @asd3dfghhb_bot
2026-03-07 23:00:35,764 | INFO | 🔍 Scraper Cycle Start...
2026-03-07 23:00:41,235 | INFO | ✅ Found 90 ASINs via [Stealth]
2026-03-07 23:00:41,285 | INFO | 🎯 Processing 30 new deals...
2026-03-07 23:00:41,381 | INFO | 📦 Checking: B0D5B81RCT
2026-03-07 23:00:45,800 | INFO | 📊 B0D5B81RCT | ₹328 (MRP ₹1999) | 84% OFF | Galaxy Hi-Tech Mini Metal Die 
2026-03-07 23:00:45,802 | INFO | 📡 TG Request via Bridge...
2026-03-07 23:00:46,901 | INFO | ✅ Posted: B0D5B81RCT (₹328)
2026-03-07 23:00:46,913 | INFO | ✅ Batch Progress: 1/3
2026-03-07 23:00:50,417 | INFO | 📦 Checking: B0FC692YW3
2026-03-07 23:00:56,125 | INFO | 📊 B0FC692YW3 | ₹204 (MRP ₹399) | 49% OFF | Toy Imagine Wooden Color Memor
2026-03-07 23:00:56,133 | INFO | 📡 TG Request via Bridge...
2026-03-07 23:00:57,001 | INFO | ✅ Posted: B0FC692YW3 (₹204)
2026-03-07 23:00:57,135 | INFO | ✅ Batch Progress: 2/3
2026-03-07 23:01:01,887 | INFO | 📦 Checking: B0CQRDQ6TS
2026-03-07 23:01:12,316 | INFO | 📊 B0CQRDQ6TS | ₹1699 (MRP ₹8999) | 81% OFF | Lifelong Trike Cycle for 2-5 Y
2026-03-07 23:01:12,641 | INFO | 📡 TG Request via Bridge...
2026-03-07 23:01:14,211 | INFO | ✅ Posted: B0CQRDQ6TS (₹1699)
2026-03-07 23:01:14,309 | INFO | ✅ Batch Progress: 3/3
2026-03-07 23:01:17,930 | INFO | ✅ Cycle Complete. Posted 3 deals.
2026-03-07 23:02:31,104 | INFO | 🔍 Scraper Cycle Start...
2026-03-07 23:02:39,226 | INFO | ✅ Found 280 ASINs via [Stealth]
2026-03-07 23:02:39,228 | INFO | 🎯 Processing 3 new deals...
2026-03-07 23:02:39,228 | INFO | 📦 Checking: B0CNW8YPK4
2026-03-07 23:02:44,604 | INFO | 📊 B0CNW8YPK4 | ₹92 (MRP ₹96) | 4% OFF | Ganesh Spark Gas Lighter for K
2026-03-07 23:02:44,604 | INFO | 📡 TG Request via Bridge...
2026-03-07 23:02:45,134 | INFO | ✅ Posted: B0CNW8YPK4 (₹92)
2026-03-07 23:02:50,428 | INFO | 📡 DNS resolution looks normal.
2026-03-07 23:02:50,428 | INFO | 🖥️ Headless Mode | HF=False
2026-03-07 23:02:50,435 | INFO | 🖥️ Headless Mode Start. Version: v34
2026-03-07 23:02:50,436 | INFO | 🌐 Starting Health Check Server on port 8080
2026-03-07 23:02:50,452 | INFO | [31m[1mWARNING: This is a development server. Do not use it in a production deployment. Use a production WSGI server instead.[0m
 * Running on all addresses (0.0.0.0)
 * Running on http://127.0.0.1:8080
 * Running on http://192.168.0.105:8080
2026-03-07 23:02:50,452 | INFO | [33mPress CTRL+C to quit[0m
2026-03-07 23:03:00,443 | INFO | 🚀 Resilience v33 Ultra Boots | HF=False
2026-03-07 23:03:00,445 | INFO | 🛠️ Verifying Connection...
2026-03-07 23:03:00,446 | INFO | 📡 TG Request via Bridge...
2026-03-07 23:03:01,147 | INFO | ✅ Connection OK → @asd3dfghhb_bot
2026-03-07 23:03:01,148 | INFO | 🔍 Scraper Cycle Start...
2026-03-07 23:03:03,318 | INFO | ✅ Found 88 ASINs via [Stealth]
2026-03-07 23:03:03,321 | INFO | 🎯 Processing 18 new deals...
2026-03-07 23:03:03,322 | INFO | 📦 Checking: B0G2B8MKPW
2026-03-07 23:03:06,663 | INFO | 📊 B0G2B8MKPW | ₹96 (MRP ₹98) | 2% OFF | Ganga Acrowools Acrylic Desire
2026-03-07 23:03:06,664 | INFO | 📡 TG Request via Bridge...
2026-03-07 23:03:07,399 | INFO | ✅ Posted: B0G2B8MKPW (₹96)
2026-03-07 23:03:11,193 | INFO | 📦 Checking: B0BSRX7P6F
2026-03-07 23:03:14,646 | INFO | 📊 B0BSRX7P6F | ₹199 (MRP ₹999) | 80% OFF | JIALTO Wall Hooks for Hanging 
2026-03-07 23:03:14,647 | INFO | 📡 TG Request via Bridge...
2026-03-07 23:03:16,035 | INFO | ✅ Posted: B0BSRX7P6F (₹199)
2026-03-07 23:03:19,543 | INFO | 📦 Checking: B09J2T124D
2026-03-07 23:03:25,350 | INFO | 📊 B09J2T124D | ₹1599 (MRP ₹5000) | 68% OFF | NutriPro Juicer Mixer Grinder 
2026-03-07 23:03:25,350 | INFO | 📡 TG Request via Bridge...
2026-03-07 23:03:26,183 | INFO | ✅ Posted: B09J2T124D (₹1599)
2026-03-07 23:03:29,690 | INFO | 📦 Checking: B0DH4WS3B4
2026-03-07 23:03:33,515 | INFO | 📊 B0DH4WS3B4 | ₹249 (MRP ₹699) | 64% OFF | Glass Oil Sprayer and Dispense
2026-03-07 23:03:33,524 | INFO | 📡 TG Request via Bridge...
2026-03-07 23:03:34,978 | INFO | ✅ Posted: B0DH4WS3B4 (₹249)
2026-03-07 23:03:38,494 | INFO | 📦 Checking: B0GC54GBWJ
2026-03-07 23:03:42,867 | INFO | 📊 B0GC54GBWJ | ₹1489 (MRP ₹2699) | 45% OFF | Crompton SUREBREEZE SEA SAPPHI
2026-03-07 23:03:42,867 | INFO | 📡 TG Request via Bridge...
2026-03-07 23:03:43,708 | INFO | ✅ Posted: B0GC54GBWJ (₹1489)
2026-03-07 23:03:47,215 | INFO | 📦 Checking: B0FQ5JVLL8
2026-03-07 23:03:51,869 | INFO | 📊 B0FQ5JVLL8 | ₹? (MRP ₹?) | DEAL OFF | Fresh Assorted Roses (Button R
2026-03-07 23:03:53,370 | INFO | 📦 Checking: B07L6GZYDV
2026-03-07 23:03:57,914 | INFO | 📊 B07L6GZYDV | ₹845 (MRP ₹1141) | 26% OFF | Wakefit Hollow Fiber Sleeping 
2026-03-07 23:03:57,915 | INFO | 📡 TG Request via Bridge...
2026-03-07 23:03:58,809 | INFO | ✅ Posted: B07L6GZYDV (₹845)
2026-03-07 23:04:02,391 | INFO | 📦 Checking: B0821PYKVK
2026-03-07 23:04:07,343 | INFO | 📊 B0821PYKVK | ₹315.00 (MRP ₹480) | 34% OFF | Amazon Brand - Presto! Garbage
2026-03-07 23:04:07,343 | INFO | 📡 TG Request via Bridge...
2026-03-07 23:04:08,195 | INFO | ✅ Posted: B0821PYKVK (₹315.00)
2026-03-07 23:04:11,706 | INFO | 📦 Checking: B08LQRXXNB
2026-03-07 23:04:15,806 | INFO | 📊 B08LQRXXNB | ₹328 (MRP ₹?) | 49% OFF | Homestrap Set of 6 Non-Woven P
2026-03-07 23:04:15,807 | INFO | 📡 TG Request via Bridge...
2026-03-07 23:04:16,643 | INFO | ✅ Posted: B08LQRXXNB (₹328)
2026-03-07 23:04:20,151 | INFO | 📦 Checking: B083912YQY
2026-03-07 23:04:23,349 | INFO | 📊 B083912YQY | ₹497 (MRP ₹999) | 50% OFF | Trance 100% Waterproof Mattres
2026-03-07 23:04:23,349 | INFO | 📡 TG Request via Bridge...
2026-03-07 23:04:24,013 | INFO | ✅ Posted: B083912YQY (₹497)
2026-03-07 23:04:27,535 | INFO | 📦 Checking: B09TH441TQ
2026-03-07 23:04:29,033 | INFO | 📊 B09TH441TQ | ₹529 (MRP ₹747) | 29% OFF | CELLO H2O Glass Water Bottle S
2026-03-07 23:04:29,034 | INFO | 📡 TG Request via Bridge...
2026-03-07 23:04:29,651 | INFO | ✅ Posted: B09TH441TQ (₹529)
2026-03-07 23:04:33,173 | INFO | 📦 Checking: B00YMJ0OI8
2026-03-07 23:04:36,906 | INFO | 📊 B00YMJ0OI8 | ₹2070 (MRP ₹3645) | 43% OFF | Prestige PIC 20 1600 Watts Ind
2026-03-07 23:04:36,907 | INFO | ⏭️ Skip B00YMJ0OI8 (₹2070 > ₹2000.0)
2026-03-07 23:04:38,408 | INFO | 📦 Checking: B0B4RZX4YN
2026-03-07 23:04:42,741 | INFO | 📊 B0B4RZX4YN | ₹956 (MRP ₹1165) | 18% OFF | Milton Aura 1000 Thermosteel W
2026-03-07 23:04:42,741 | INFO | 📡 TG Request via Bridge...
2026-03-07 23:04:43,601 | INFO | ✅ Posted: B0B4RZX4YN (₹956)
2026-03-07 23:04:47,112 | INFO | 📦 Checking: B0BPYPDN96
2026-03-07 23:04:51,027 | INFO | 📊 B0BPYPDN96 | ₹25.00 (MRP ₹35.00) | 29% OFF | Fresh Chrysanthemum/Shevanti F
2026-03-07 23:04:51,028 | INFO | 📡 TG Request via Bridge...
2026-03-07 23:04:51,876 | INFO | ✅ Posted: B0BPYPDN96 (₹25.00)
2026-03-07 23:04:55,492 | INFO | 📦 Checking: B07WMS7TWB
2026-03-07 23:05:02,928 | INFO | 📊 B07WMS7TWB | ₹549 (MRP ₹1101) | 50% OFF | Pigeon Amaze Plus Electric Ket
2026-03-07 23:05:02,928 | INFO | 📡 TG Request via Bridge...
2026-03-07 23:05:03,953 | INFO | ✅ Posted: B07WMS7TWB (₹549)
2026-03-07 23:05:07,535 | INFO | 📦 Checking: B0BT1M24FN
2026-03-07 23:05:12,499 | INFO | 📊 B0BT1M24FN | ₹379 (MRP ₹650) | 42% OFF | amazon basics Electric Egg Boi
2026-03-07 23:05:12,499 | INFO | 📡 TG Request via Bridge...
2026-03-07 23:05:13,335 | INFO | ✅ Posted: B0BT1M24FN (₹379)
2026-03-07 23:05:16,843 | INFO | 📦 Checking: B0DN1RWNSQ
2026-03-07 23:05:22,507 | INFO | 📊 B0DN1RWNSQ | ₹649 (MRP ₹1499) | 57% OFF | One94Store Astronaut Galaxy Pr
2026-03-07 23:05:22,508 | INFO | 📡 TG Request via Bridge...
2026-03-07 23:05:23,407 | INFO | ✅ Posted: B0DN1RWNSQ (₹649)
2026-03-07 23:05:27,014 | INFO | 📦 Checking: B0CXNSCCVW
2026-03-07 23:05:32,693 | INFO | 📊 B0CXNSCCVW | ₹279 (MRP ₹403) | 31% OFF | MILTON Comet 1000 Stainless St
2026-03-07 23:05:32,694 | INFO | 📡 TG Request via Bridge...
2026-03-07 23:05:33,542 | INFO | ✅ Posted: B0CXNSCCVW (₹279)
2026-03-07 23:05:37,126 | INFO | ✅ Cycle Complete. Posted 16 deals.
2026-03-08 09:10:39,746 | INFO | 📡 DNS resolution looks normal.
2026-03-08 09:10:39,749 | INFO | 🖥️ Headless Mode | HF=False
2026-03-08 09:10:39,755 | INFO | 🔍 Scraper Cycle Start...
2026-03-08 09:10:46,922 | INFO | ✅ Found 90 ASINs via [Stealth]
2026-03-08 09:10:47,048 | INFO | 🎯 Processing 29 new deals...
2026-03-08 09:10:47,402 | INFO | 📦 Checking: B0BG8LZNYL
2026-03-08 09:10:53,232 | INFO | 📊 B0BG8LZNYL | ₹519 (MRP ₹1499) | 65% OFF | Portronics Toad One Bluetooth 
2026-03-08 09:10:53,255 | INFO | 📡 TG Request via Bridge...
2026-03-08 09:10:54,625 | INFO | ✅ Posted: B0BG8LZNYL (₹519)
2026-03-08 09:10:54,635 | INFO | ✅ Batch Progress: 1/Unlimited
2026-03-08 09:10:58,187 | INFO | 📦 Checking: B0FQCN6WG9
2026-03-08 09:11:02,347 | INFO | 📊 B0FQCN6WG9 | ₹287.99 (MRP ₹999) | 71% OFF | 100W Fast Charging cable USB-A
2026-03-08 09:11:02,351 | INFO | 📡 TG Request via Bridge...
2026-03-08 09:11:03,640 | INFO | ✅ Posted: B0FQCN6WG9 (₹287.99)
2026-03-08 09:11:03,648 | INFO | ✅ Batch Progress: 2/Unlimited
2026-03-08 09:11:07,208 | INFO | 📦 Checking: B08LHTJTBB
2026-03-08 09:11:10,771 | INFO | 📊 B08LHTJTBB | ₹348 (MRP ₹1999) | 83% OFF | Dyazo 6 Angles Adjustable Alum
2026-03-08 09:11:10,776 | INFO | 📡 TG Request via Bridge...
2026-03-08 09:11:12,084 | INFO | ✅ Posted: B08LHTJTBB (₹348)
2026-03-08 09:11:12,226 | INFO | ✅ Batch Progress: 3/Unlimited
2026-03-08 09:11:15,861 | INFO | 📦 Checking: B002U1ZBG0
2026-03-08 09:11:20,984 | INFO | 📊 B002U1ZBG0 | ₹450 (MRP ₹?) | DEAL OFF | SanDisk Cruzer Blade SDCZ50-01
2026-03-08 09:11:20,986 | INFO | 📡 TG Request via Bridge...
2026-03-08 09:11:21,667 | INFO | ✅ Posted: B002U1ZBG0 (₹450)
2026-03-08 09:11:21,670 | INFO | ✅ Batch Progress: 4/Unlimited
2026-03-08 09:11:25,173 | INFO | 📦 Checking: B0CP9NSXYJ
2026-03-08 12:44:40,165 | INFO | 📡 DNS resolution looks normal.
2026-03-08 12:44:40,168 | INFO | 🖥️ Headless Mode | HF=False
2026-03-08 12:44:40,175 | INFO | 🖥️ Headless Mode Start. Version: v34
2026-03-08 12:44:40,176 | INFO | 🌐 Starting Health Check Server on port 8080
2026-03-08 12:44:40,303 | INFO | [31m[1mWARNING: This is a development server. Do not use it in a production deployment. Use a production WSGI server instead.[0m
 * Running on all addresses (0.0.0.0)
 * Running on http://127.0.0.1:8080
 * Running on http://192.168.0.107:8080
2026-03-08 12:44:40,304 | INFO | [33mPress CTRL+C to quit[0m
2026-03-08 12:44:50,176 | INFO | 🚀 Resilience v34 Ultra Boots | HF=False
2026-03-08 12:44:50,178 | INFO | 🛠️ Verifying Connection...
2026-03-08 12:44:50,180 | INFO | 📡 TG Request via Bridge...
2026-03-08 12:44:51,359 | INFO | ✅ Connection OK → @asd3dfghhb_bot
2026-03-08 12:44:51,364 | INFO | 🔍 Scraper Cycle Start...
2026-03-08 12:44:57,147 | INFO | ✅ Found 90 ASINs via [Stealth]
2026-03-08 12:44:57,493 | INFO | 🎯 Processing 28 new deals...
2026-03-08 12:44:57,505 | INFO | 📦 Checking: B0FBJPY4C7
2026-03-08 12:45:01,743 | INFO | 📊 B0FBJPY4C7 | ₹339 (MRP ₹719) | 53% OFF | Storio Montessori Talking Flas
2026-03-08 12:45:01,747 | INFO | 📡 TG Request via Bridge...
2026-03-08 12:45:03,362 | INFO | ✅ Posted: B0FBJPY4C7 (₹339)
2026-03-08 12:45:03,648 | INFO | ✅ Batch Progress: 1/Unlimited
2026-03-08 12:45:07,158 | INFO | 📦 Checking: B0CQK691XQ
2026-03-08 12:45:10,252 | INFO | 📊 B0CQK691XQ | ₹1178 (MRP ₹2799) | 58% OFF | popsugar Off Roader Rechargeab
2026-03-08 12:45:10,253 | INFO | 📡 TG Request via Bridge...
2026-03-08 12:45:10,909 | INFO | ✅ Posted: B0CQK691XQ (₹1178)
2026-03-08 12:45:10,914 | INFO | ✅ Batch Progress: 2/Unlimited
2026-03-08 12:45:14,552 | INFO | 📦 Checking: B0DRPCR5VK
2026-03-08 12:45:18,905 | INFO | 📊 B0DRPCR5VK | ₹548 (MRP ₹1699) | 68% OFF | Wembley Rechargeable Karaoke M
2026-03-08 12:45:18,906 | INFO | 📡 TG Request via Bridge...
2026-03-08 12:45:19,600 | INFO | ✅ Posted: B0DRPCR5VK (₹548)
2026-03-08 12:45:19,968 | INFO | ✅ Batch Progress: 3/Unlimited
2026-03-08 12:45:23,584 | INFO | 📦 Checking: B0DTV8FDNJ
2026-03-08 12:45:25,353 | INFO | 📊 B0DTV8FDNJ | ₹299 (MRP ₹699) | 57% OFF | Storio Manual Space War of Wat
2026-03-08 12:45:25,355 | INFO | 📡 TG Request via Bridge...
2026-03-08 12:45:26,748 | INFO | ✅ Posted: B0DTV8FDNJ (₹299)
2026-03-08 12:45:26,756 | INFO | ✅ Batch Progress: 4/Unlimited
2026-03-08 16:05:35,415 | INFO | 📡 DNS resolution looks normal.
2026-03-08 16:05:35,417 | INFO | 🖥️ Headless Mode | HF=False
2026-03-08 16:05:35,425 | INFO | 🖥️ Headless Mode Start. Version: v34
2026-03-08 16:05:35,426 | INFO | 🌐 Starting Health Check Server on port 8080
2026-03-08 16:05:35,537 | INFO | [31m[1mWARNING: This is a development server. Do not use it in a production deployment. Use a production WSGI server instead.[0m
 * Running on all addresses (0.0.0.0)
 * Running on http://127.0.0.1:8080
 * Running on http://192.168.0.107:8080
2026-03-08 16:05:35,542 | INFO | [33mPress CTRL+C to quit[0m
2026-03-08 16:05:45,427 | INFO | 🚀 Resilience v34 Ultra Boots | HF=False
2026-03-08 16:05:45,430 | INFO | 🛠️ Verifying Connection...
2026-03-08 16:05:45,432 | INFO | 📡 TG Request via Bridge...
2026-03-08 16:05:48,335 | INFO | ✅ Connection OK → @asd3dfghhb_bot
2026-03-08 16:05:48,398 | INFO | 🔍 Scraper Cycle Start...
2026-03-08 16:27:48,071 | INFO | 📡 DNS resolution looks normal.
2026-03-08 16:27:48,073 | INFO | 🖥️ Headless Mode | HF=False
2026-03-08 16:27:48,079 | INFO | 🖥️ Headless Mode Start. Version: v34
2026-03-08 16:27:48,080 | INFO | 🌐 Starting Health Check Server on port 7860
2026-03-08 16:27:48,441 | INFO | [31m[1mWARNING: This is a development server. Do not use it in a production deployment. Use a production WSGI server instead.[0m
 * Running on all addresses (0.0.0.0)
 * Running on http://127.0.0.1:7860
 * Running on http://192.168.0.107:7860
2026-03-08 16:27:48,446 | INFO | [33mPress CTRL+C to quit[0m
2026-03-08 16:27:58,081 | INFO | 🚀 Resilience v34 Ultra Boots | HF=False
2026-03-08 16:27:58,083 | INFO | 🛠️ Verifying Connection...
2026-03-08 16:27:58,084 | INFO | 📡 TG Request via Bridge...
2026-03-08 16:27:59,526 | INFO | ✅ Connection OK → @asd3dfghhb_bot
2026-03-08 16:27:59,560 | INFO | 🔍 Scraper Cycle Start...
2026-03-09 19:45:13,131 | INFO | 📡 DNS resolution looks normal.
2026-03-09 19:45:13,143 | INFO | 🖥️ Headless Mode | HF=False
2026-03-09 19:45:13,150 | INFO | 🖥️ Headless Mode Start. Version: v34
2026-03-09 19:45:13,155 | INFO | 🌐 Starting Health Check Server on port 7860
2026-03-09 19:45:13,335 | INFO | [31m[1mWARNING: This is a development server. Do not use it in a production deployment. Use a production WSGI server instead.[0m
 * Running on all addresses (0.0.0.0)
 * Running on http://127.0.0.1:7860
 * Running on http://192.168.0.107:7860
2026-03-09 19:45:13,380 | INFO | [33mPress CTRL+C to quit[0m
2026-03-09 19:45:23,162 | INFO | 🚀 Resilience v34 Ultra Boots | HF=False
2026-03-09 19:45:23,164 | INFO | 🛠️ Verifying Connection...
2026-03-09 19:45:23,165 | INFO | 📡 TG Request via Bridge...
2026-03-09 19:45:24,471 | INFO | ✅ Connection OK → @asd3dfghhb_bot
2026-03-09 19:45:24,475 | INFO | 🔍 Scraper Cycle Start...
2026-03-09 19:45:25,774 | INFO | ✅ Found 90 ASINs via [Stealth]
2026-03-09 19:45:25,776 | INFO | 🎯 Processing 27 new deals...
2026-03-09 19:45:25,777 | INFO | 📦 Checking: B0GL8H6Q22
2026-03-09 19:45:30,328 | INFO | 📊 B0GL8H6Q22 | ₹47998 (MRP ₹56999) | 16% OFF | iQOO 15R (Triumph Silver, 12GB
2026-03-09 19:45:30,331 | INFO | ⏭️ Skip B0GL8H6Q22 (₹47998 > ₹2000.0)
2026-03-09 19:45:31,833 | INFO | 📦 Checking: B0BJ72WZQ7
2026-03-09 19:45:36,398 | INFO | 📊 B0BJ72WZQ7 | ₹1139 (MRP ₹4999) | 77% OFF | Noise Twist Round dial Smart W
2026-03-09 19:45:36,399 | INFO | 📡 TG Request via Bridge...
2026-03-09 19:45:37,268 | INFO | ✅ Posted: B0BJ72WZQ7 (₹1139)
2026-03-09 19:45:37,279 | INFO | ✅ Batch Progress: 1/Unlimited
2026-03-09 19:45:40,817 | INFO | 📦 Checking: B0DX655V11
2026-03-09 19:45:45,235 | INFO | 📊 B0DX655V11 | ₹11999 (MRP ₹15400) | 22% OFF | Samsung Galaxy M06 5G Mobile (
2026-03-09 19:45:45,237 | INFO | ⏭️ Skip B0DX655V11 (₹11999 > ₹2000.0)
2026-03-09 19:45:46,739 | INFO | 📦 Checking: B0C3ZYFZ77
2026-03-09 19:45:49,705 | INFO | 📊 B0C3ZYFZ77 | ₹699 (MRP ₹3490) | 80% OFF | Boat Airdopes Joy, 35Hrs Batte
2026-03-09 19:45:49,708 | INFO | 📡 TG Request via Bridge...
2026-03-09 19:45:50,808 | INFO | ✅ Posted: B0C3ZYFZ77 (₹699)
2026-03-09 19:45:50,812 | INFO | ✅ Batch Progress: 2/Unlimited
2026-03-09 19:45:54,328 | INFO | 📦 Checking: B0FM38916Y
2026-03-09 19:45:58,911 | INFO | 📊 B0FM38916Y | ₹449 (MRP ₹999) | 55% OFF | Boat 2025 Launch Bassheads 300
2026-03-09 19:45:58,912 | INFO | 📡 TG Request via Bridge...
2026-03-09 19:45:59,605 | INFO | ✅ Posted: B0FM38916Y (₹449)
2026-03-09 19:45:59,608 | INFO | ✅ Batch Progress: 3/Unlimited
2026-03-09 19:46:03,119 | INFO | 📦 Checking: B0DCZ3WDTB
2026-03-09 19:53:50,394 | INFO | 📡 DNS resolution looks normal.
2026-03-09 19:53:50,396 | INFO | 🖥️ Headless Mode | HF=False
2026-03-09 19:53:50,405 | INFO | 🖥️ Headless Mode Start. Version: v34
2026-03-09 19:53:50,406 | INFO | 🌐 Starting Health Check Server on port 7860
2026-03-09 19:53:50,530 | INFO | [31m[1mWARNING: This is a development server. Do not use it in a production deployment. Use a production WSGI server instead.[0m
 * Running on all addresses (0.0.0.0)
 * Running on http://127.0.0.1:7860
 * Running on http://192.168.0.107:7860
2026-03-09 19:53:50,545 | INFO | [33mPress CTRL+C to quit[0m
2026-03-09 19:54:00,410 | INFO | 🚀 Resilience v34 Ultra Boots | HF=False
2026-03-09 19:54:00,413 | INFO | 🛠️ Verifying Connection...
2026-03-09 19:54:00,414 | INFO | 📡 TG Request via Bridge...
2026-03-09 19:54:01,830 | INFO | ✅ Connection OK → @asd3dfghhb_bot
2026-03-09 19:54:01,833 | INFO | 🔍 Scraper Cycle Start...
2026-03-09 19:54:06,374 | INFO | ✅ Found 90 ASINs via [Stealth]
2026-03-09 19:54:06,381 | INFO | 🎯 Processing 29 new deals...
2026-03-09 19:54:06,384 | INFO | 📦 Checking: B0G525155T
2026-03-09 19:54:09,463 | INFO | 📊 B0G525155T | ₹799 (MRP ₹2599) | 69% OFF | ANNI Designer Women’s Rayon Vi
2026-03-09 19:54:09,465 | INFO | 📡 TG Request via Bridge...
2026-03-09 19:54:10,994 | INFO | ✅ Posted: B0G525155T (₹799)
2026-03-09 19:54:11,000 | INFO | ✅ Batch Progress: 1/1
2026-03-09 19:54:13,004 | INFO | ✅ Cycle Complete. Posted 1 deals.
2026-03-09 19:54:13,114 | INFO | ⏳ Cycle successful. Waiting 30.0 minutes...
2026-03-09 20:14:30,661 | INFO | 📡 DNS resolution looks normal.
2026-03-09 20:14:30,664 | INFO | 🖥️ Headless Mode | HF=False
2026-03-09 20:14:30,670 | INFO | 🖥️ Headless Mode Start. Version: v34
2026-03-09 20:14:30,714 | INFO | 🌐 Starting Health Check Server on port 7860
2026-03-09 20:14:30,750 | INFO | [31m[1mWARNING: This is a development server. Do not use it in a production deployment. Use a production WSGI server instead.[0m
 * Running on all addresses (0.0.0.0)
 * Running on http://127.0.0.1:7860
 * Running on http://192.168.0.107:7860
2026-03-09 20:14:30,755 | INFO | [33mPress CTRL+C to quit[0m
2026-03-09 20:14:40,715 | INFO | 🚀 Resilience v34 Ultra Boots | HF=False
2026-03-09 20:14:40,716 | INFO | 🛠️ Verifying Connection...
2026-03-09 20:14:40,718 | INFO | 📡 TG Request via Bridge...
2026-03-09 20:14:42,838 | INFO | ✅ Connection OK → @asd3dfghhb_bot
2026-03-09 20:14:42,841 | INFO | 🔍 Scraper Cycle Start...
2026-03-09 20:14:44,045 | INFO | ✅ Found 90 ASINs via [Stealth]
2026-03-09 20:14:44,048 | INFO | 🎯 Processing 24 new deals...
2026-03-09 20:14:44,049 | INFO | 📦 Checking: B0FN89KT94
2026-03-09 20:14:48,372 | INFO | 📊 B0FN89KT94 | ₹277 (MRP ₹999) | 72% OFF | TheGiftKart Ultra-Hybrid Cryst
2026-03-09 20:14:48,373 | INFO | 📡 TG Request via Bridge...
2026-03-09 20:14:50,367 | INFO | ✅ Posted: B0FN89KT94 (₹277)
2026-03-09 20:14:50,374 | INFO | ✅ Batch Progress: 1/1
2026-03-09 20:14:52,378 | INFO | ✅ Cycle Complete. Posted 1 deals.
2026-03-09 20:14:52,381 | INFO | ⏳ Cycle successful. Waiting 30.0 minutes...
2026-03-09 22:31:45,129 | INFO | 📡 DNS resolution looks normal.
2026-03-09 22:31:45,135 | INFO | 🖥️ Headless Mode | HF=False
2026-03-09 22:31:45,142 | INFO | 🖥️ Headless Mode Start. Version: v34
2026-03-09 22:31:45,144 | INFO | 🌐 Starting Health Check Server on port 7860
2026-03-09 22:31:45,179 | INFO | [31m[1mWARNING: This is a development server. Do not use it in a production deployment. Use a production WSGI server instead.[0m
 * Running on all addresses (0.0.0.0)
 * Running on http://127.0.0.1:7860
 * Running on http://192.168.0.107:7860
2026-03-09 22:31:45,184 | INFO | [33mPress CTRL+C to quit[0m
2026-03-09 22:31:55,144 | INFO | 🚀 Resilience v34 Ultra Boots | HF=False
2026-03-09 22:31:55,146 | INFO | 🛠️ Verifying Connection...
2026-03-09 22:31:55,148 | INFO | 📡 TG Request via Bridge...
2026-03-09 22:31:57,133 | INFO | ✅ Connection OK → @asd3dfghhb_bot
2026-03-09 22:31:57,138 | INFO | 🔍 Scraper Cycle Start...
2026-03-09 22:32:00,513 | INFO | ✅ Found 88 ASINs via [Stealth]
2026-03-09 22:32:00,517 | INFO | 🎯 Processing 5 new deals...
2026-03-09 22:32:00,518 | INFO | 📦 Checking: B00EDJJ7FS
2026-03-09 22:32:06,608 | INFO | 📊 B00EDJJ7FS | ₹2997 (MRP ₹5995) | 50% OFF | Philips Viva Collection HD4928
2026-03-09 22:32:06,611 | INFO | ⏭️ Skip B00EDJJ7FS (₹2997 > ₹2000.0)
2026-03-09 22:32:08,113 | INFO | 📦 Checking: B0FQ5JVLL8
2026-03-09 22:32:11,413 | INFO | 📊 B0FQ5JVLL8 | ₹33.00 (MRP ₹47.00) | 30% OFF | Fresh Assorted Roses (Button R
2026-03-09 22:32:11,414 | INFO | 📡 TG Request via Bridge...
2026-03-09 22:32:13,523 | INFO | ✅ Posted: B0FQ5JVLL8 (₹33.00)
2026-03-09 22:32:13,532 | INFO | ✅ Batch Progress: 1/1
2026-03-09 22:32:15,545 | INFO | ✅ Cycle Complete. Posted 1 deals.
2026-03-09 22:32:15,551 | INFO | ⏳ Cycle successful. Waiting 30.0 minutes...
2026-03-09 22:36:10,437 | INFO | 📡 DNS resolution looks normal.
2026-03-09 22:36:10,439 | INFO | 🖥️ Headless Mode | HF=False
2026-03-09 22:36:10,451 | INFO | 🖥️ Headless Mode Start. Version: v34
2026-03-09 22:36:10,453 | INFO | 🌐 Starting Health Check Server on port 7860
2026-03-09 22:36:10,548 | INFO | [31m[1mWARNING: This is a development server. Do not use it in a production deployment. Use a production WSGI server instead.[0m
 * Running on all addresses (0.0.0.0)
 * Running on http://127.0.0.1:7860
 * Running on http://192.168.0.107:7860
2026-03-09 22:36:10,556 | INFO | [33mPress CTRL+C to quit[0m
2026-03-09 22:36:20,454 | INFO | 🚀 Resilience v34 Ultra Boots | HF=False
2026-03-09 22:36:20,456 | INFO | 🛠️ Verifying Connection...
2026-03-09 22:36:20,456 | INFO | 📡 TG Request via Bridge...
2026-03-09 22:36:22,138 | INFO | ✅ Connection OK → @asd3dfghhb_bot
2026-03-09 22:36:22,258 | INFO | 🔍 Scraper Cycle Start...
2026-03-09 22:36:31,154 | INFO | ✅ Found 82 ASINs via [Stealth]
2026-03-09 22:36:31,206 | INFO | 🎯 Processing 29 new deals...
2026-03-09 22:36:31,206 | INFO | 📦 Checking: B00QPS8BAW
2026-03-09 22:36:36,986 | INFO | 📸 Final image_url: https://images-eu.ssl-images-amazon.com/images/I/71d0wtpbxJLUL210_SR210,210_.jpg
2026-03-09 22:36:36,987 | INFO | 📊 B00QPS8BAW | ₹164.00 (MRP ₹210.00) | 22% OFF | Quaker Oats - 1 kg
2026-03-09 22:36:36,988 | INFO | 📸 Image URL: https://images-eu.ssl-images-amazon.com/images/I/71d0wtpbxJLUL210_SR210,210_.jpg
2026-03-09 22:36:36,989 | INFO | 📡 TG Request via Bridge...
2026-03-09 22:36:39,442 | WARNING | ⚠️ TG via Bridge failed (Timeout/Blocked)
2026-03-09 22:36:39,447 | INFO | 📡 TG Request via Direct...
2026-03-09 22:36:40,880 | WARNING | ⚠️ TG via Direct failed (Timeout/Blocked)
2026-03-09 22:36:42,385 | INFO | 📦 Checking: B00PNQYFFM
2026-03-09 22:36:47,106 | WARNING | 📸 No image found for ASIN B00PNQYFFM
2026-03-09 22:36:47,107 | INFO | 📊 B00PNQYFFM | ₹18.00 (MRP ₹20.00) | 10% OFF | Lay's American Style Potato Ch
2026-03-09 22:36:47,108 | INFO | 📡 TG Request via Bridge...
2026-03-09 22:36:49,277 | INFO | ✅ Posted: B00PNQYFFM (₹18.00)
2026-03-09 22:36:49,288 | INFO | ✅ Batch Progress: 1/1
2026-03-09 22:36:51,333 | INFO | ✅ Cycle Complete. Posted 1 deals.
2026-03-09 22:36:51,337 | INFO | ⏳ Cycle successful. Waiting 30.0 minutes...
2026-03-09 22:44:47,896 | INFO | 📡 DNS resolution looks normal.
2026-03-09 22:44:47,899 | INFO | 🖥️ Headless Mode | HF=False
2026-03-09 22:44:48,010 | INFO | 🖥️ Headless Mode Start. Version: v34
2026-03-09 22:44:48,015 | INFO | 🌐 Starting Health Check Server on port 7860
2026-03-09 22:44:48,046 | INFO | [31m[1mWARNING: This is a development server. Do not use it in a production deployment. Use a production WSGI server instead.[0m
 * Running on all addresses (0.0.0.0)
 * Running on http://127.0.0.1:7860
 * Running on http://192.168.0.107:7860
2026-03-09 22:44:48,058 | INFO | [33mPress CTRL+C to quit[0m
2026-03-09 22:44:58,016 | INFO | 🚀 Resilience v34 Ultra Boots | HF=False
2026-03-09 22:44:58,017 | INFO | 🛠️ Verifying Connection...
2026-03-09 22:44:58,018 | INFO | 📡 TG Request via Bridge...
2026-03-09 22:44:59,980 | INFO | ✅ Connection OK → @asd3dfghhb_bot
2026-03-09 22:44:59,984 | INFO | 🔍 Scraper Cycle Start...
2026-03-09 22:45:05,744 | INFO | ✅ Found 90 ASINs via [Stealth]
2026-03-09 22:45:05,889 | INFO | 🎯 Processing 30 new deals...
2026-03-09 22:45:05,890 | INFO | 📦 Checking: B0B6Y3FNV7
2026-03-09 22:45:11,442 | INFO | 📸 Final image_url: https://images-eu.ssl-images-amazon.com/images/I/511fPrnY+bLUL210_SR210,210_.jpg
2026-03-09 22:45:11,443 | INFO | 📊 B0B6Y3FNV7 | ₹188.37 (MRP ₹269) | 30% OFF | L'Oreal Paris Fresh Hyaluron M
2026-03-09 22:45:11,444 | INFO | 📸 Image URL: https://images-eu.ssl-images-amazon.com/images/I/511fPrnY+bLUL210_SR210,210_.jpg
2026-03-09 22:45:11,445 | INFO | 📡 TG Request via Bridge...
2026-03-09 22:45:13,290 | WARNING | ⚠️ TG via Bridge failed (Timeout/Blocked)
2026-03-09 22:45:13,291 | INFO | 📡 TG Request via Direct...
2026-03-09 22:45:14,718 | WARNING | ⚠️ TG via Direct failed (Timeout/Blocked)
2026-03-09 22:45:16,220 | INFO | 📦 Checking: B006QHB88O
2026-03-09 22:45:20,891 | INFO | 📸 Final image_url: https://m.media-amazon.com/images/I/71bO6mMzFGL.jpg
2026-03-09 22:45:20,892 | INFO | 📊 B006QHB88O | ₹473 (MRP ₹?) | 32% OFF | L'Oréal Paris Permanent Hair C
2026-03-09 22:45:20,893 | INFO | 📸 Image URL: https://m.media-amazon.com/images/I/71bO6mMzFGL.jpg
2026-03-09 22:45:20,894 | INFO | 📡 TG Request via Bridge...
2026-03-09 22:45:22,486 | INFO | ✅ Posted: B006QHB88O (₹473)
2026-03-09 22:45:22,488 | INFO | ✅ Batch Progress: 1/1
2026-03-09 22:45:24,492 | INFO | ✅ Cycle Complete. Posted 1 deals.
2026-03-09 22:45:24,494 | INFO | ⏳ Cycle successful. Waiting 30.0 minutes...
2026-03-09 22:45:47,736 | INFO | 📡 DNS resolution looks normal.
2026-03-09 22:45:47,738 | INFO | 🖥️ Headless Mode | HF=False
2026-03-09 22:45:47,747 | INFO | 🖥️ Headless Mode Start. Version: v34
2026-03-09 22:45:47,753 | INFO | 🌐 Starting Health Check Server on port 7860
2026-03-09 22:45:47,792 | INFO | [31m[1mWARNING: This is a development server. Do not use it in a production deployment. Use a production WSGI server instead.[0m
 * Running on all addresses (0.0.0.0)
 * Running on http://127.0.0.1:7860
 * Running on http://192.168.0.107:7860
2026-03-09 22:45:47,800 | INFO | [33mPress CTRL+C to quit[0m
2026-03-09 22:45:57,754 | INFO | 🚀 Resilience v34 Ultra Boots | HF=False
2026-03-09 22:45:57,755 | INFO | 🛠️ Verifying Connection...
2026-03-09 22:45:57,757 | INFO | 📡 TG Request via Bridge...
2026-03-09 22:45:59,471 | INFO | ✅ Connection OK → @asd3dfghhb_bot
2026-03-09 22:45:59,477 | INFO | 🔍 Scraper Cycle Start...
2026-03-09 22:46:10,016 | INFO | ✅ Found 89 ASINs via [Stealth]
2026-03-09 22:46:10,055 | INFO | 🎯 Processing 30 new deals...
2026-03-09 22:46:10,058 | INFO | 📦 Checking: B099WR4WHC
2026-03-09 22:46:15,507 | INFO | 📸 Final image_url: https://images-eu.ssl-images-amazon.com/images/I/61FFBTzKiULUL600_SR600,600_.jpg
2026-03-09 22:46:15,508 | INFO | 📊 B099WR4WHC | ₹895 (MRP ₹?) | DEAL OFF | Fastrack Tees Analog Grey Dial
2026-03-09 22:46:15,509 | INFO | 📸 Image URL: https://images-eu.ssl-images-amazon.com/images/I/61FFBTzKiULUL600_SR600,600_.jpg
2026-03-09 22:46:15,510 | INFO | 📡 TG Request via Bridge...
2026-03-09 22:46:18,009 | WARNING | ⚠️ TG via Bridge failed (Timeout/Blocked)
2026-03-09 22:46:18,010 | INFO | 📡 TG Request via Direct...
2026-03-09 22:46:20,259 | WARNING | ⚠️ TG via Direct failed (Timeout/Blocked)
2026-03-09 22:46:21,763 | INFO | 📦 Checking: B07CR1JQBY
2026-03-09 22:46:27,512 | INFO | 📸 Final image_url: https://images-eu.ssl-images-amazon.com/images/I/71hC1byRyKLUL210_SR210,210_.jpg
2026-03-09 22:46:27,513 | INFO | 📊 B07CR1JQBY | ₹1995 (MRP ₹?) | DEAL OFF | Titan Karishma Analog Champagn
2026-03-09 22:46:27,514 | INFO | 📸 Image URL: https://images-eu.ssl-images-amazon.com/images/I/71hC1byRyKLUL210_SR210,210_.jpg
2026-03-09 22:46:27,515 | INFO | 📡 TG Request via Bridge...
2026-03-09 22:46:28,581 | WARNING | ⚠️ TG via Bridge failed (Timeout/Blocked)
2026-03-09 22:46:28,583 | INFO | 📡 TG Request via Direct...
2026-03-09 22:46:29,779 | WARNING | ⚠️ TG via Direct failed (Timeout/Blocked)
2026-03-09 22:46:31,284 | INFO | 📦 Checking: B095YWP668
2026-03-09 22:46:36,385 | INFO | 📸 Final image_url: https://images-eu.ssl-images-amazon.com/images/I/61wP1+eh4+SUL210_SR210,210_.jpg
2026-03-09 22:46:36,385 | INFO | 📊 B095YWP668 | ₹270 (MRP ₹1999) | 86% OFF | Acnos® Premium Brand - A Digit
2026-03-09 22:46:36,386 | INFO | 📸 Image URL: https://images-eu.ssl-images-amazon.com/images/I/61wP1+eh4+SUL210_SR210,210_.jpg
2026-03-09 22:46:36,387 | INFO | 📡 TG Request via Bridge...
2026-03-09 22:46:38,583 | WARNING | ⚠️ TG via Bridge failed (Timeout/Blocked)
2026-03-09 22:46:38,585 | INFO | 📡 TG Request via Direct...
2026-03-09 22:46:39,611 | WARNING | ⚠️ TG via Direct failed (Timeout/Blocked)
2026-03-09 22:46:41,116 | INFO | 📦 Checking: B099WNYHY2
2026-03-09 22:46:45,824 | INFO | 📸 Final image_url: https://m.media-amazon.com/images/I/61FFBTzKiUL.jpg
2026-03-09 22:46:45,825 | INFO | 📊 B099WNYHY2 | ₹995 (MRP ₹?) | DEAL OFF | Fastrack Analog Unisex-Adult W
2026-03-09 22:46:45,826 | INFO | 📸 Image URL: https://m.media-amazon.com/images/I/61FFBTzKiUL.jpg
2026-03-09 22:46:45,827 | INFO | 📡 TG Request via Bridge...
2026-03-09 22:46:47,110 | INFO | ✅ Posted: B099WNYHY2 (₹995)
2026-03-09 22:46:47,116 | INFO | ✅ Batch Progress: 1/1
2026-03-09 22:46:49,126 | INFO | ✅ Cycle Complete. Posted 1 deals.
2026-03-09 22:46:49,131 | INFO | ⏳ Cycle successful. Waiting 30.0 minutes...
2026-03-10 23:07:58,782 | INFO | 📡 DNS resolution looks normal.
2026-03-10 23:07:58,783 | INFO | 🖥️ Headless Mode | HF=False
2026-03-10 23:07:58,790 | ERROR | Error loading queue: list indices must be integers or slices, not str
2026-03-10 23:08:42,224 | INFO | 📡 DNS resolution looks normal.
2026-03-10 23:08:42,226 | INFO | 🖥️ Headless Mode | HF=False
2026-03-10 23:08:42,231 | INFO | 🖥️ Headless Mode Start. Version: v34
2026-03-10 23:08:42,236 | INFO | 🌐 Starting Health Check Server on port 7860
2026-03-10 23:08:42,336 | INFO | [31m[1mWARNING: This is a development server. Do not use it in a production deployment. Use a production WSGI server instead.[0m
 * Running on all addresses (0.0.0.0)
 * Running on http://127.0.0.1:7860
 * Running on http://192.168.0.107:7860
2026-03-10 23:08:42,341 | INFO | [33mPress CTRL+C to quit[0m
2026-03-10 23:08:52,237 | INFO | 🚀 Resilience v34 Ultra Boots | HF=False
2026-03-10 23:08:52,240 | INFO | 🛠️ Verifying Connection...
2026-03-10 23:08:52,242 | INFO | 📡 TG Request via Bridge...
2026-03-10 23:08:53,549 | INFO | ✅ Connection OK → @asd3dfghhb_bot
2026-03-10 23:08:53,556 | INFO | 📦 Processing from queue: B099WNYHY2
2026-03-10 23:08:57,852 | INFO | 📸 Final image_url: https://m.media-amazon.com/images/I/61FFBTzKiUL.jpg
2026-03-10 23:08:57,861 | INFO | 📊 B099WNYHY2 | ₹995 (MRP ₹?) | DEAL OFF | Fastrack Analog Unisex-Adult W
2026-03-10 23:08:57,938 | INFO | 📸 Image URL: https://m.media-amazon.com/images/I/61FFBTzKiUL.jpg
2026-03-10 23:08:57,942 | INFO | 📡 TG Request via Bridge...
2026-03-10 23:08:59,080 | INFO | ✅ Posted: B099WNYHY2 (₹995)
2026-03-10 23:08:59,082 | ERROR | Processing Logic Error: name 'save_sent_deal' is not defined
2026-03-10 23:09:01,105 | INFO | 🔍 Scrape condition met. Starting cycle...
2026-03-10 23:09:01,189 | INFO | 🔍 Scraper Cycle Start...
2026-03-10 23:09:08,129 | INFO | ✅ Found 90 ASINs via [Stealth]
2026-03-10 23:09:08,133 | INFO | 🎯 Found 25 quality deals. Adding to queue.
2026-03-10 23:10:08,208 | INFO | 📦 Processing from queue: B0D4DZ7WL2
2026-03-10 23:10:14,045 | INFO | 📸 Final image_url: https://images-eu.ssl-images-amazon.com/images/I/71WRciIO7FLUL210_SR210,210_.jpg
2026-03-10 23:10:14,046 | INFO | 📊 B0D4DZ7WL2 | ₹899 (MRP ₹4999) | 82% OFF | Kidsmate Cruiser Kick Scooter 
2026-03-10 23:10:14,047 | INFO | 📸 Image URL: https://images-eu.ssl-images-amazon.com/images/I/71WRciIO7FLUL210_SR210,210_.jpg
2026-03-10 23:10:14,048 | INFO | 📡 TG Request via Bridge...
2026-03-10 23:10:15,031 | WARNING | ⚠️ TG via Bridge failed (Timeout/Blocked)
2026-03-10 23:10:15,034 | INFO | 📡 TG Request via Direct...
2026-03-10 23:10:16,080 | WARNING | ⚠️ TG via Direct failed (Timeout/Blocked)
2026-03-10 23:10:18,094 | INFO | 📦 Processing from queue: B0FBJYMQ45
2026-03-10 23:10:22,556 | INFO | 📸 Final image_url: https://images-eu.ssl-images-amazon.com/images/I/61LPC9XBeELUL210_SR210,210_.jpg
2026-03-10 23:10:22,557 | INFO | 📊 B0FBJYMQ45 | ₹684 (MRP ₹1999) | 66% OFF | Storio Kids Piano Keyboard wit
2026-03-10 23:10:22,558 | INFO | 📸 Image URL: https://images-eu.ssl-images-amazon.com/images/I/61LPC9XBeELUL210_SR210,210_.jpg
2026-03-10 23:10:22,558 | INFO | 📡 TG Request via Bridge...
2026-03-10 23:10:23,654 | WARNING | ⚠️ TG via Bridge failed (Timeout/Blocked)
2026-03-10 23:10:23,656 | INFO | 📡 TG Request via Direct...
2026-03-10 23:10:24,469 | WARNING | ⚠️ TG via Direct failed (Timeout/Blocked)
2026-03-10 23:10:26,473 | INFO | 📦 Processing from queue: B00TOC6MJI
2026-03-10 23:10:29,504 | INFO | 📸 Final image_url: https://m.media-amazon.com/images/I/51zDOQuEkBL.jpg
2026-03-10 23:10:29,505 | INFO | 📊 B00TOC6MJI | ₹1199 (MRP ₹2499) | 52% OFF | Toyzone Plastic Eco Panda Magi
2026-03-10 23:10:29,506 | INFO | 📸 Image URL: https://m.media-amazon.com/images/I/51zDOQuEkBL.jpg
2026-03-10 23:10:29,507 | INFO | 📡 TG Request via Bridge...
2026-03-10 23:10:30,792 | INFO | ✅ Posted: B00TOC6MJI (₹1199)
2026-03-10 23:10:30,808 | ERROR | Processing Logic Error: name 'save_sent_deal' is not defined
2026-03-10 23:10:32,812 | INFO | 📦 Processing from queue: B0DBZSVNHV
2026-03-10 23:10:38,295 | INFO | 📸 Final image_url: https://images-eu.ssl-images-amazon.com/images/I/71G-E8cg47LUL210_SR210,210_.jpg
2026-03-10 23:10:38,313 | INFO | 📊 B0DBZSVNHV | ₹656.99 (MRP ₹769) | 15% OFF | Smartivity DIY Rocket Launcher
2026-03-10 23:10:38,314 | INFO | 📸 Image URL: https://images-eu.ssl-images-amazon.com/images/I/71G-E8cg47LUL210_SR210,210_.jpg
2026-03-10 23:10:38,315 | INFO | 📡 TG Request via Bridge...
2026-03-10 23:10:39,230 | WARNING | ⚠️ TG via Bridge failed (Timeout/Blocked)
2026-03-10 23:10:39,231 | INFO | 📡 TG Request via Direct...
2026-03-10 23:10:39,861 | WARNING | ⚠️ TG via Direct failed (Timeout/Blocked)
2026-03-10 23:10:41,864 | INFO | 📦 Processing from queue: B0BVW64V54
2026-03-10 23:10:47,276 | INFO | 📸 Final image_url: https://images-eu.ssl-images-amazon.com/images/I/81j8uk4iVDLUL210_SR210,210_.jpg
2026-03-10 23:10:47,276 | INFO | 📊 B0BVW64V54 | ₹151 (MRP ₹399) | 62% OFF | VGRASSP 24 Pcs Air Dry Clay fo
2026-03-10 23:10:47,279 | INFO | 📸 Image URL: https://images-eu.ssl-images-amazon.com/images/I/81j8uk4iVDLUL210_SR210,210_.jpg
2026-03-10 23:10:47,280 | INFO | 📡 TG Request via Bridge...
2026-03-10 23:10:49,002 | WARNING | ⚠️ TG via Bridge failed (Timeout/Blocked)
2026-03-10 23:10:49,003 | INFO | 📡 TG Request via Direct...
2026-03-10 23:10:49,870 | WARNING | ⚠️ TG via Direct failed (Timeout/Blocked)
2026-03-10 23:10:51,911 | INFO | 📦 Processing from queue: B0DBF8S3HB
2026-03-10 23:10:56,105 | INFO | 📸 Final image_url: https://images-eu.ssl-images-amazon.com/images/I/71a9rKgxQfLUL210_SR210,210_.jpg
2026-03-10 23:10:56,106 | INFO | 📊 B0DBF8S3HB | ₹258 (MRP ₹1500) | 83% OFF | Canvas Premium Pencil Case, 6 
2026-03-10 23:10:56,107 | INFO | 📸 Image URL: https://images-eu.ssl-images-amazon.com/images/I/71a9rKgxQfLUL210_SR210,210_.jpg
2026-03-10 23:10:56,107 | INFO | 📡 TG Request via Bridge...
2026-03-10 23:10:57,899 | WARNING | ⚠️ TG via Bridge failed (Timeout/Blocked)
2026-03-10 23:10:57,901 | INFO | 📡 TG Request via Direct...
2026-03-10 23:10:58,711 | WARNING | ⚠️ TG via Direct failed (Timeout/Blocked)
2026-03-10 23:11:00,716 | INFO | 📦 Processing from queue: B0FQCHD1DX
2026-03-12 18:33:57,197 | INFO | 📡 DNS resolution looks normal.
2026-03-12 18:33:57,199 | INFO | 🖥️ Headless Mode | HF=False
2026-03-12 18:33:57,212 | INFO | 🖥️ Headless Mode Start. Version: v34
2026-03-12 18:33:57,213 | INFO | 🌐 Starting Health Check Server on port 7860
2026-03-12 18:33:57,346 | INFO | [31m[1mWARNING: This is a development server. Do not use it in a production deployment. Use a production WSGI server instead.[0m
 * Running on all addresses (0.0.0.0)
 * Running on http://127.0.0.1:7860
 * Running on http://192.168.0.107:7860
2026-03-12 18:33:57,366 | INFO | [33mPress CTRL+C to quit[0m
2026-03-12 18:34:07,214 | INFO | 🚀 Resilience v34 Ultra Boots | HF=False
2026-03-12 18:34:07,216 | INFO | 🛠️ Verifying Connection...
2026-03-12 18:34:07,218 | INFO | 📡 TG Request via Bridge...
2026-03-12 18:34:08,663 | INFO | ✅ Connection OK → @asd3dfghhb_bot
2026-03-12 18:34:08,678 | INFO | 📦 Processing from queue: B0FQCHD1DX
2026-03-12 18:34:16,076 | INFO | 📸 Final image_url: https://images-eu.ssl-images-amazon.com/images/I/817az4dHG2LUL210_SR210,210_.jpg
2026-03-12 18:34:16,085 | INFO | 📊 B0FQCHD1DX | ₹98 (MRP ₹699) | 86% OFF | EITHEO Geometric Angle Blocks 
2026-03-12 18:34:16,087 | INFO | 📸 Image URL: https://images-eu.ssl-images-amazon.com/images/I/817az4dHG2LUL210_SR210,210_.jpg
2026-03-12 18:34:16,125 | INFO | 📡 TG Request via Bridge...
2026-03-12 18:34:17,431 | WARNING | ⚠️ TG via Bridge failed (Timeout/Blocked)
2026-03-12 18:34:17,435 | INFO | 📡 TG Request via Direct...
2026-03-12 18:34:18,276 | WARNING | ⚠️ TG via Direct failed (Timeout/Blocked)
2026-03-12 18:34:20,311 | INFO | 📦 Processing from queue: B0B2F8XS9L
2026-03-12 18:34:23,531 | INFO | 📸 Final image_url: https://m.media-amazon.com/images/I/41Z37AWyjHL.jpg
2026-03-12 18:34:23,538 | INFO | 📊 B0B2F8XS9L | ₹174 (MRP ₹209) | 17% OFF | Babique Dog Plush Soft Toy Cut
2026-03-12 18:34:23,544 | INFO | 📸 Image URL: https://m.media-amazon.com/images/I/41Z37AWyjHL.jpg
2026-03-12 18:34:23,628 | INFO | 📡 TG Request via Bridge...
2026-03-12 18:34:25,417 | INFO | ✅ Posted: B0B2F8XS9L (₹174)
2026-03-12 18:34:25,435 | INFO | ✅ Successfully posted B0B2F8XS9L from queue.
2026-03-12 18:35:25,484 | INFO | ⏳ Interval not met. 1739 seconds remaining.
2026-03-12 18:36:25,494 | INFO | ⏳ Interval not met. 1679 seconds remaining.
2026-03-12 18:37:25,498 | INFO | ⏳ Interval not met. 1619 seconds remaining.
2026-03-12 18:37:50,744 | INFO | 📡 DNS resolution looks normal.
2026-03-12 18:37:50,745 | INFO | 🖥️ Headless Mode | HF=False
2026-03-12 18:37:50,746 | WARNING | ⚠️ Using ephemeral storage. Deals WILL repeat after Render restart.
2026-03-12 18:37:50,746 | WARNING | 💡 Tip: Attach a Persistent Disk to /data in Render for a permanent fix.
2026-03-12 18:37:50,750 | INFO | 🖥️ Headless Mode Start. Version: v34
2026-03-12 18:37:50,751 | INFO | 🌐 Starting Health Check Server on port 7860
2026-03-12 18:37:50,874 | INFO | [31m[1mWARNING: This is a development server. Do not use it in a production deployment. Use a production WSGI server instead.[0m
 * Running on all addresses (0.0.0.0)
 * Running on http://127.0.0.1:7860
 * Running on http://192.168.0.107:7860
2026-03-12 18:37:50,984 | INFO | [33mPress CTRL+C to quit[0m
2026-03-12 18:38:00,751 | INFO | 🚀 Resilience v34 Ultra Boots | HF=False
2026-03-12 18:38:00,753 | INFO | 🛠️ Verifying Connection...
2026-03-12 18:38:00,756 | INFO | 📡 TG Request via Bridge...
2026-03-12 18:38:02,104 | INFO | ✅ Connection OK → @asd3dfghhb_bot
2026-03-12 18:38:02,116 | INFO | 📦 Processing from queue: B08X3PCGKS
2026-03-12 18:38:06,243 | INFO | 📸 Final image_url: https://m.media-amazon.com/images/I/61junWYBK0L.jpg
2026-03-12 18:38:06,244 | INFO | 📊 B08X3PCGKS | ₹141 (MRP ₹899) | 84% OFF | HUG 'n' FEEL SOFT TOYS Unicorn
2026-03-12 18:38:06,245 | INFO | 📸 Image URL: https://m.media-amazon.com/images/I/61junWYBK0L.jpg
2026-03-12 18:38:06,246 | INFO | 📡 TG Request via Bridge...
2026-03-12 18:38:07,809 | INFO | ✅ Posted: B08X3PCGKS (₹141)
2026-03-12 18:38:07,829 | INFO | ✅ Successfully posted B08X3PCGKS from queue.
2026-03-12 18:39:07,869 | INFO | 📦 Processing from queue: B0DHSFBRPB
2026-03-12 18:39:12,417 | INFO | 📸 Final image_url: https://images-eu.ssl-images-amazon.com/images/I/81A19lSMmcLUL210_SR210,210_.jpg
2026-03-12 18:39:12,417 | INFO | 📊 B0DHSFBRPB | ₹1607 (MRP ₹2749) | 42% OFF | LEGO Speed Champions Oracle Re
2026-03-12 18:39:12,419 | INFO | 📸 Image URL: https://images-eu.ssl-images-amazon.com/images/I/81A19lSMmcLUL210_SR210,210_.jpg
2026-03-12 18:39:12,420 | INFO | 📡 TG Request via Bridge...
2026-03-12 18:39:13,472 | WARNING | ⚠️ TG via Bridge failed (Timeout/Blocked)
2026-03-12 18:39:13,474 | INFO | 📡 TG Request via Direct...
2026-03-12 18:39:14,598 | WARNING | ⚠️ TG via Direct failed (Timeout/Blocked)
2026-03-12 18:39:16,631 | INFO | 📦 Processing from queue: B0C77VNZ5D
2026-03-12 18:39:20,206 | INFO | 📸 Final image_url: https://m.media-amazon.com/images/I/61arOQAds9L.jpg
2026-03-12 18:39:20,207 | INFO | 📊 B0C77VNZ5D | ₹199 (MRP ₹499) | 60% OFF | Gooyo Battery Operated Voice C
2026-03-12 18:39:20,209 | INFO | 📸 Image URL: https://m.media-amazon.com/images/I/61arOQAds9L.jpg
2026-03-12 18:39:20,209 | INFO | 📡 TG Request via Bridge...
2026-03-12 18:39:21,014 | INFO | ✅ Posted: B0C77VNZ5D (₹199)
2026-03-12 18:39:21,027 | INFO | ✅ Successfully posted B0C77VNZ5D from queue.
2026-03-12 18:39:44,738 | INFO | 📡 DNS resolution looks normal.
2026-03-12 18:39:44,739 | INFO | 🖥️ Headless Mode | HF=False
2026-03-12 18:39:44,740 | WARNING | ⚠️ Using ephemeral storage. Deals WILL repeat after Render restart.
2026-03-12 18:39:44,740 | WARNING | 💡 Tip: Attach a Persistent Disk to /data in Render for a permanent fix.
2026-03-12 18:39:44,743 | INFO | 🖥️ Headless Mode Start. Version: v34
2026-03-12 18:39:44,744 | INFO | 🌐 Starting Health Check Server on port 7860
2026-03-12 18:39:44,771 | INFO | [31m[1mWARNING: This is a development server. Do not use it in a production deployment. Use a production WSGI server instead.[0m
 * Running on all addresses (0.0.0.0)
 * Running on http://127.0.0.1:7860
 * Running on http://192.168.0.107:7860
2026-03-12 18:39:44,789 | INFO | [33mPress CTRL+C to quit[0m
2026-03-12 18:39:54,745 | INFO | 🚀 Resilience v34 Ultra Boots | HF=False
2026-03-12 18:39:54,746 | INFO | 🛠️ Verifying Connection...
2026-03-12 18:39:54,746 | INFO | 📡 TG Request via Bridge...
2026-03-12 18:39:55,251 | INFO | ✅ Connection OK → @asd3dfghhb_bot
2026-03-12 18:40:25,259 | INFO | 📦 Processing from queue: B0BW9P96FM
2026-03-12 18:40:28,682 | INFO | 📸 Final image_url: https://m.media-amazon.com/images/I/51w0rXsUK8L.jpg
2026-03-12 18:40:28,684 | INFO | 📊 B0BW9P96FM | ₹230 (MRP ₹1999) | 88% OFF | Toy Imagine Interactive Sound 
2026-03-12 18:40:28,685 | INFO | 🚫 Skipping Blacklisted/Snack: Toy Imagine Interactive Sound Book for Kids with Marker (Ages 2–7) Learn Alphabe...
2026-03-12 18:40:30,689 | INFO | 📦 Processing from queue: B0C862R9VF
2026-03-12 18:40:33,588 | INFO | 📸 Final image_url: https://m.media-amazon.com/images/I/61xr-fzqcxL.jpg
2026-03-12 18:40:33,589 | INFO | 📊 B0C862R9VF | ₹899 (MRP ₹3999) | 78% OFF | Lifelong LLKS03 Foldable Kick 
2026-03-12 18:40:33,590 | INFO | 📸 Image URL: https://m.media-amazon.com/images/I/61xr-fzqcxL.jpg
2026-03-12 18:40:33,591 | INFO | 📡 TG Request via Bridge...
2026-03-12 18:40:34,305 | INFO | ✅ Posted: B0C862R9VF (₹899)
2026-03-12 18:40:34,313 | INFO | ✅ Successfully posted B0C862R9VF from queue.
2026-03-12 18:41:34,392 | INFO | 📦 Processing from queue: B0BZP6PC25
2026-03-12 18:41:44,746 | INFO | 📸 Final image_url: https://m.media-amazon.com/images/I/81XJ5nTP2iL.jpg
2026-03-12 18:41:44,809 | INFO | 📊 B0BZP6PC25 | ₹150 (MRP ₹?) | DEAL OFF | Anupam Sketch-O Sketchbook A5 
2026-03-12 18:41:44,875 | INFO | 📸 Image URL: https://m.media-amazon.com/images/I/81XJ5nTP2iL.jpg
2026-03-12 18:41:44,891 | INFO | 📡 TG Request via Bridge...
2026-03-12 18:41:45,696 | INFO | ✅ Posted: B0BZP6PC25 (₹150)
2026-03-12 18:41:45,729 | INFO | ✅ Successfully posted B0BZP6PC25 from queue.
2026-03-12 18:42:45,850 | INFO | 📦 Processing from queue: B0FBMGT6V7
2026-03-12 18:42:49,505 | INFO | 📸 Final image_url: https://m.media-amazon.com/images/I/511Z+YLK7RL.jpg
2026-03-12 18:42:49,506 | INFO | 📊 B0FBMGT6V7 | ₹149 (MRP ₹299) | 50% OFF | Cubelelo Drift Explorer 3x3 Sp
2026-03-12 18:42:49,507 | INFO | 📸 Image URL: https://m.media-amazon.com/images/I/511Z+YLK7RL.jpg
2026-03-12 18:42:49,507 | INFO | 📡 TG Request via Bridge...
2026-03-12 18:42:50,873 | INFO | ✅ Posted: B0FBMGT6V7 (₹149)
2026-03-12 18:42:50,877 | INFO | ✅ Successfully posted B0FBMGT6V7 from queue.
2026-03-13 19:34:11,337 | INFO | 🖥️ Headless Mode | HF=False
2026-03-13 19:34:11,341 | WARNING | ⚠️ Using ephemeral storage. Deals WILL repeat after Render restart.
2026-03-13 19:34:11,341 | WARNING | 💡 Tip: Attach a Persistent Disk to /data in Render for a permanent fix.
2026-03-13 19:34:11,345 | INFO | 🖥️ Headless Mode Start. Version: v34
2026-03-13 19:34:11,351 | INFO | 🌐 Starting Health Check Server on port 10000
2026-03-13 19:34:11,379 | INFO | 📡 DNS resolution looks normal.
2026-03-13 19:34:11,476 | INFO | [31m[1mWARNING: This is a development server. Do not use it in a production deployment. Use a production WSGI server instead.[0m
 * Running on all addresses (0.0.0.0)
 * Running on http://127.0.0.1:10000
 * Running on http://192.168.0.105:10000
2026-03-13 19:34:11,484 | INFO | [33mPress CTRL+C to quit[0m
2026-03-13 19:34:22,067 | INFO | 🚀 Resilience v34 Ultra Boots | HF=False
2026-03-13 19:34:22,367 | INFO | 🛠️ Verifying Connection...
2026-03-13 19:34:22,398 | INFO | 📡 TG Request via Bridge...
2026-03-13 19:34:23,497 | INFO | ✅ Connection OK → @asd3dfghhb_bot
2026-03-13 19:34:23,727 | INFO | 📦 Processing from queue: B08D8J88X3
2026-03-13 19:34:35,505 | INFO | 📸 Final image_url: https://m.media-amazon.com/images/I/61YVpEBCUhL.jpg
2026-03-13 19:34:35,783 | INFO | 📊 B08D8J88X3 | ₹337 (MRP ₹499) | 32% OFF | Storio Rechargeable Toys Talki
2026-03-13 19:34:36,103 | INFO | 🚫 Skipping Blacklisted/Snack: Storio Rechargeable Toys Talking Cactus Baby Toys for Kids Dancing Cactus Toys C...
2026-03-13 19:34:39,302 | INFO | 📦 Processing from queue: B0FPCJ25SR
2026-03-13 19:34:45,781 | INFO | 127.0.0.1 - - [13/Mar/2026 19:34:45] "GET / HTTP/1.1" 200 -
2026-03-13 19:34:48,099 | INFO | 📸 Final image_url: https://m.media-amazon.com/images/I/61O0D5+o-KL.jpg
2026-03-13 19:34:48,106 | INFO | 📊 B0FPCJ25SR | ₹? (MRP ₹?) | DEAL OFF | Lifelong Bunny Manual Push Rid
2026-03-13 19:34:50,125 | INFO | 📦 Processing from queue: B0CCDTXNLF
2026-03-13 19:34:54,835 | INFO | 📸 Final image_url: https://images-eu.ssl-images-amazon.com/images/I/817EnDKn6JLUL210_SR210,210_.jpg
2026-03-13 19:34:54,836 | INFO | 📊 B0CCDTXNLF | ₹1649 (MRP ₹5999) | 73% OFF | Kidsmate Junior Tricycle for K
2026-03-13 19:34:54,837 | INFO | 🚫 Skipping Blacklisted/Snack: Kidsmate Junior Tricycle for Kids with Parental Control | Cycle for Kids 1-4 Yea...
2026-03-13 19:34:56,847 | INFO | 📦 Processing from queue: B00ADZUNYK
2026-03-13 19:35:01,876 | INFO | 📸 Final image_url: https://images-eu.ssl-images-amazon.com/images/I/61XC4-QDkKLUL210_SR210,210_.jpg
2026-03-13 19:35:01,878 | INFO | 📊 B00ADZUNYK | ₹146 (MRP ₹249) | 41% OFF | Little's Junior Ring (Plastic,
2026-03-13 19:35:01,881 | INFO | 🚫 Skipping Blacklisted/Snack: Little's Junior Ring (Plastic,Multicolour)
2026-03-15 13:00:14,028 | INFO | 🖥️ Headless Mode | HF=False
2026-03-15 13:00:14,032 | WARNING | ⚠️ Using ephemeral storage. Deals WILL repeat after Render restart.
2026-03-15 13:00:14,032 | WARNING | 💡 Tip: Attach a Persistent Disk to /data in Render for a permanent fix.
2026-03-15 13:00:14,037 | INFO | 🖥️ Headless Mode Start. Version: v34
2026-03-15 13:00:14,041 | INFO | 🌐 Starting Health Check Server on port 10000
2026-03-15 13:00:14,179 | INFO | 📡 DNS resolution looks normal.
2026-03-15 13:00:14,265 | INFO | [31m[1mWARNING: This is a development server. Do not use it in a production deployment. Use a production WSGI server instead.[0m
 * Running on all addresses (0.0.0.0)
 * Running on http://127.0.0.1:10000
 * Running on http://192.168.0.106:10000
2026-03-15 13:00:14,268 | INFO | [33mPress CTRL+C to quit[0m
2026-03-15 13:00:24,338 | INFO | 🚀 Resilience v34 Ultra Boots | HF=False
2026-03-15 13:00:24,491 | INFO | 🛠️ Verifying Connection...
2026-03-15 13:00:24,660 | INFO | 📡 TG Request via Bridge...
2026-03-15 13:00:26,540 | INFO | ✅ Connection OK → @asd3dfghhb_bot
2026-03-15 13:00:29,407 | INFO | 📦 Processing from queue: B0CBNR2ML6
2026-03-15 13:00:31,971 | WARNING | 📸 No image found for ASIN B0CBNR2ML6
2026-03-15 13:00:31,972 | INFO | 📊 B0CBNR2ML6 | ₹199 (MRP ₹299) | 33% OFF | Mattel Games ​UNO Show ‘em No 
2026-03-15 13:00:31,972 | INFO | 🚫 Skipping Blacklisted/Snack: Mattel Games ​UNO Show ‘em No Mercy Card Game for Kids, Adults & Family Parties ...
2026-03-15 13:00:33,975 | INFO | 📦 Processing from queue: B0GBZNH3RR
2026-03-15 13:00:36,769 | INFO | 📸 Final image_url: https://m.media-amazon.com/images/I/61A5tnMg6KL.jpg
2026-03-15 13:00:36,770 | INFO | 📊 B0GBZNH3RR | ₹1599 (MRP ₹7999) | 80% OFF | Lifelong Trike Cycle for Kids 
2026-03-15 13:00:36,771 | INFO | 🚫 Skipping Blacklisted/Snack: Lifelong Trike Cycle for Kids 2-5 Years - Tricycles for Boy & Girl - Baby - Bicy...
2026-03-15 13:00:38,774 | INFO | 📦 Processing from queue: B00004TZY8
2026-03-15 13:00:42,301 | INFO | 📸 Final image_url: https://m.media-amazon.com/images/I/81B+KiFpWnL.jpg
2026-03-15 13:00:42,302 | INFO | 📊 B00004TZY8 | ₹109 (MRP ₹149) | 27% OFF | Mattel Uno Playing Card Game f
2026-03-15 13:00:42,303 | INFO | 📸 Image URL: https://m.media-amazon.com/images/I/81B+KiFpWnL.jpg
2026-03-15 13:00:42,306 | INFO | 📡 TG Request via Bridge...
2026-03-15 13:00:43,108 | INFO | ✅ Posted: B00004TZY8 (₹109)
2026-03-15 13:00:43,249 | INFO | ✅ Successfully posted B00004TZY8 from queue.
2026-03-15 13:04:35,648 | INFO | 🖥️ Headless Mode | HF=False
2026-03-15 13:04:35,772 | WARNING | ⚠️ Using ephemeral storage. Deals WILL repeat after Render restart.
2026-03-15 13:04:35,784 | WARNING | 💡 Tip: Attach a Persistent Disk to /data in Render for a permanent fix.
2026-03-15 13:04:35,796 | INFO | 🖥️ Headless Mode Start. Version: v34
2026-03-15 13:04:35,815 | INFO | 🌐 Starting Health Check Server on port 10000
2026-03-15 13:04:35,861 | INFO | 📡 DNS resolution looks normal.
2026-03-15 13:04:35,942 | INFO | [31m[1mWARNING: This is a development server. Do not use it in a production deployment. Use a production WSGI server instead.[0m
 * Running on all addresses (0.0.0.0)
 * Running on http://127.0.0.1:10000
 * Running on http://192.168.0.106:10000
2026-03-15 13:04:36,055 | INFO | [33mPress CTRL+C to quit[0m
2026-03-15 13:04:45,940 | INFO | 🚀 Resilience v34 Ultra Boots | HF=False
2026-03-15 13:04:45,942 | INFO | 🛠️ Verifying Connection...
2026-03-15 13:04:45,943 | INFO | 📡 TG Request via Bridge...
2026-03-15 13:04:47,560 | INFO | ✅ Connection OK → @asd3dfghhb_bot
2026-03-15 13:06:55,940 | INFO | 🖥️ Headless Mode | HF=False
2026-03-15 13:06:55,941 | WARNING | ⚠️ Using ephemeral storage. Deals WILL repeat after Render restart.
2026-03-15 13:06:55,942 | WARNING | 💡 Tip: Attach a Persistent Disk to /data in Render for a permanent fix.
2026-03-15 13:06:55,945 | INFO | 🖥️ Headless Mode Start. Version: v34
2026-03-15 13:06:55,946 | INFO | 🌐 Starting Health Check Server on port 10000
2026-03-15 13:06:56,025 | INFO | 📡 DNS resolution looks normal.
2026-03-15 13:06:56,041 | INFO | [31m[1mWARNING: This is a development server. Do not use it in a production deployment. Use a production WSGI server instead.[0m
 * Running on all addresses (0.0.0.0)
 * Running on http://127.0.0.1:10000
 * Running on http://192.168.0.106:10000
2026-03-15 13:06:56,068 | INFO | [33mPress CTRL+C to quit[0m
2026-03-15 13:07:06,036 | INFO | 🚀 Resilience v34 Ultra Boots | HF=False
2026-03-15 13:07:06,038 | INFO | 🛠️ Verifying Connection...
2026-03-15 13:07:06,040 | INFO | 📡 TG Request via Bridge...
2026-03-15 13:07:07,330 | INFO | ✅ Connection OK → @asd3dfghhb_bot
2026-04-03 21:55:38,857 | INFO | 🖥️ Headless Mode | HF=False
2026-04-03 21:55:38,861 | WARNING | ⚠️ Using ephemeral storage. Deals WILL repeat after Render restart.
2026-04-03 21:55:38,866 | WARNING | 💡 Tip: Attach a Persistent Disk to /data in Render for a permanent fix.
2026-04-03 21:55:38,886 | INFO | 🖥️ Headless Mode Start. Version: v34
2026-04-03 21:55:38,912 | INFO | 🌐 Starting Health Check Server on port 10000
2026-04-03 21:55:38,938 | INFO | 📡 DNS resolution looks normal.
2026-04-03 21:55:39,096 | INFO | [31m[1mWARNING: This is a development server. Do not use it in a production deployment. Use a production WSGI server instead.[0m
 * Running on all addresses (0.0.0.0)
 * Running on http://127.0.0.1:10000
 * Running on http://192.168.0.106:10000
2026-04-03 21:55:39,099 | INFO | [33mPress CTRL+C to quit[0m
2026-04-03 21:55:48,945 | INFO | 🚀 Resilience v34 Ultra Boots | HF=False
2026-04-03 21:55:48,953 | INFO | 🛠️ Verifying Connection...
2026-04-03 21:55:48,955 | INFO | 📡 TG Request via Bridge...
2026-04-03 21:55:50,450 | INFO | ✅ Connection OK → @asd3dfghhb_bot
2026-04-03 21:55:50,456 | INFO | ✅ Migrated 23 ASINs from sent_deals.json → sent_deals.txt
2026-04-03 21:55:50,669 | INFO | 📦 Processing from queue: B0CM9MHFQP
2026-04-03 21:55:56,307 | INFO | 📸 Final image_url: https://images-eu.ssl-images-amazon.com/images/I/71KBMy1AVbLUL210_SR210,210_.jpg
2026-04-03 21:55:56,308 | INFO | 📊 B0CM9MHFQP | ₹754 (MRP ₹1899) | 60% OFF | Wembley Educational Kids Lapto
2026-04-03 21:55:56,309 | INFO | 🚫 Skipping Blacklisted/Snack: Wembley Educational Kids Laptop Learning Toy for 2-5 Years Boys Girls Computer T...
2026-04-03 21:55:58,312 | INFO | 📦 Processing from queue: B09GF6JBZN
2026-04-03 21:56:04,112 | INFO | 📸 Final image_url: https://images-eu.ssl-images-amazon.com/images/I/51wfrF6-1hLUL210_SR210,210_.jpg
2026-04-03 21:56:04,113 | INFO | 📊 B09GF6JBZN | ₹149 (MRP ₹799) | 81% OFF | Portronics Ruffpad 8.5E Re-Wri
2026-04-03 21:56:04,114 | INFO | 📸 Image URL: https://images-eu.ssl-images-amazon.com/images/I/51wfrF6-1hLUL210_SR210,210_.jpg
2026-04-03 21:56:04,115 | INFO | 📡 TG Request via Bridge...
2026-04-03 21:56:05,499 | WARNING | ⚠️ TG via Bridge failed (Timeout/Blocked)
2026-04-03 21:56:05,510 | INFO | 📡 TG Request via Direct...
2026-04-03 21:56:07,651 | WARNING | ⚠️ TG via Direct failed (Timeout/Blocked)
2026-04-03 21:56:09,659 | INFO | 📦 Processing from queue: B0F446395Z
2026-04-03 21:56:12,582 | INFO | 📸 Final image_url: https://m.media-amazon.com/images/I/61+Q7XCMfbL.jpg
2026-04-03 21:56:12,583 | INFO | 📊 B0F446395Z | ₹299 (MRP ₹699) | 57% OFF | Storio 5-in-1 Baby Suction Spi
2026-04-03 21:56:12,584 | INFO | 🚫 Skipping Blacklisted/Snack: Storio 5-in-1 Baby Suction Spinner Toy, Interactive Learning Set with Rattle and...
2026-04-03 21:56:14,687 | INFO | 🔍 Queue empty. Starting scrape cycle...
2026-04-03 21:56:14,689 | INFO | 🔍 Scraper Cycle Start...
2026-04-03 21:56:38,082 | INFO | ✅ Found 30 new ASINs via [Stealth] in category jewelry
2026-04-03 21:56:46,700 | INFO | ✅ Found 30 new ASINs via [Stealth] in category musical-instruments
2026-04-03 21:56:57,795 | INFO | 🎯 Found 60 quality deals. Adding to queue.
2026-04-03 21:56:57,816 | INFO | 🕒 Next scrape in 30 minutes.
2026-04-03 21:57:27,960 | INFO | 📦 Processing from queue: B0FF4M8YZK
2026-04-03 21:57:31,345 | INFO | 📸 Final image_url: https://m.media-amazon.com/images/I/71UOnQoZsTL.jpg
2026-04-03 21:57:31,345 | INFO | 📊 B0FF4M8YZK | ₹899 (MRP ₹1400) | 36% OFF | Astrotalk Raw Pyrite Anklet | 
2026-04-03 21:57:31,346 | INFO | ⏭️ Skip B0FF4M8YZK (36% < 50.0% OFF). Marking as handled.
2026-04-03 21:57:33,541 | INFO | 📦 Processing from queue: B0DTTXM92H
2026-04-03 21:57:37,604 | INFO | 📸 Final image_url: https://images-eu.ssl-images-amazon.com/images/I/51rJFrlBC3LUL210_SR210,210_.jpg
2026-04-03 21:57:37,605 | INFO | 📊 B0DTTXM92H | ₹697 (MRP ₹1999) | 65% OFF | Astrotalk Dhan Yog Bracelet |A
2026-04-03 21:57:37,606 | INFO | 📸 Image URL: https://images-eu.ssl-images-amazon.com/images/I/51rJFrlBC3LUL210_SR210,210_.jpg
2026-04-03 21:57:37,606 | INFO | 📡 TG Request via Bridge...
2026-04-03 21:57:39,497 | WARNING | ⚠️ TG via Bridge failed (Timeout/Blocked)
2026-04-03 21:57:39,498 | INFO | 📡 TG Request via Direct...
2026-04-03 21:57:40,247 | WARNING | ⚠️ TG via Direct failed (Timeout/Blocked)
2026-04-03 21:57:42,255 | INFO | 📦 Processing from queue: B0GBV3D79T
2026-04-03 21:57:46,167 | INFO | 📸 Final image_url: https://images-eu.ssl-images-amazon.com/images/I/81yzg4JCgeLUL210_SR210,210_.jpg
2026-04-03 21:57:46,168 | INFO | 📊 B0GBV3D79T | ₹149 (MRP ₹399) | 63% OFF | Cerrito Banana Hair Clips for 
2026-04-03 21:57:46,169 | INFO | 📸 Image URL: https://images-eu.ssl-images-amazon.com/images/I/81yzg4JCgeLUL210_SR210,210_.jpg
2026-04-03 21:57:46,169 | INFO | 📡 TG Request via Bridge...
2026-04-03 21:57:47,201 | WARNING | ⚠️ TG via Bridge failed (Timeout/Blocked)
2026-04-03 21:57:47,203 | INFO | 📡 TG Request via Direct...
2026-04-03 21:57:48,579 | WARNING | ⚠️ TG via Direct failed (Timeout/Blocked)
2026-04-03 21:57:50,587 | INFO | 📦 Processing from queue: B0GT736QJK
2026-04-03 21:57:53,716 | INFO | 📸 Final image_url: https://images-eu.ssl-images-amazon.com/images/I/61rfG6OD8YLUL600_SR600,600_.jpg
2026-04-03 21:57:53,717 | INFO | 📊 B0GT736QJK | ₹589 (MRP ₹1179) | 50% OFF | Kashmiri Ghungroo Raindrop Ban
2026-04-03 21:57:53,718 | INFO | 📸 Image URL: https://images-eu.ssl-images-amazon.com/images/I/61rfG6OD8YLUL600_SR600,600_.jpg
2026-04-03 21:57:53,718 | INFO | 📡 TG Request via Bridge...
2026-04-03 21:57:55,519 | WARNING | ⚠️ TG via Bridge failed (Timeout/Blocked)
2026-04-03 21:57:55,520 | INFO | 📡 TG Request via Direct...
2026-04-03 21:57:59,677 | WARNING | ⚠️ TG via Direct failed (Timeout/Blocked)
2026-04-03 21:58:01,684 | INFO | 📦 Processing from queue: B08MVZGGW4
2026-04-03 21:58:08,325 | INFO | 📸 Final image_url: https://images-eu.ssl-images-amazon.com/images/I/61tqfh+g8RLUL210_SR210,210_.jpg
2026-04-03 21:58:08,326 | INFO | 📊 B08MVZGGW4 | ₹198 (MRP ₹390) | 49% OFF | Juarez Extra Light Copper Woun
2026-04-03 21:58:08,328 | INFO | ⏭️ Skip B08MVZGGW4 (49% < 50.0% OFF). Marking as handled.
2026-04-03 21:58:10,415 | INFO | 📦 Processing from queue: B072FH5KLJ
2026-04-03 21:58:17,078 | INFO | 📸 Final image_url: https://images-eu.ssl-images-amazon.com/images/I/71rEeRq9oyLUL210_SR210,210_.jpg
2026-04-03 21:58:17,079 | INFO | 📊 B072FH5KLJ | ₹199 (MRP ₹990) | 80% OFF | Juârez JRZ250 One Handed Trigg
2026-04-03 21:58:17,080 | INFO | 📸 Image URL: https://images-eu.ssl-images-amazon.com/images/I/71rEeRq9oyLUL210_SR210,210_.jpg
2026-04-03 21:58:17,080 | INFO | 📡 TG Request via Bridge...
2026-04-03 21:58:18,620 | WARNING | ⚠️ TG via Bridge failed (Timeout/Blocked)
2026-04-03 21:58:18,620 | INFO | 📡 TG Request via Direct...
2026-04-03 21:58:19,542 | WARNING | ⚠️ TG via Direct failed (Timeout/Blocked)
2026-04-03 21:58:21,550 | INFO | 📦 Processing from queue: B0GQ3NZN4G
2026-04-03 21:58:24,306 | INFO | 📸 Final image_url: https://m.media-amazon.com/images/I/61+hsSekM+L.jpg
2026-04-03 21:58:24,311 | INFO | 📊 B0GQ3NZN4G | ₹349 (MRP ₹1745) | 80% OFF | Shining Diva Fashion 8 Pcs Tra
2026-04-03 21:58:24,316 | INFO | 📸 Image URL: https://m.media-amazon.com/images/I/61+hsSekM+L.jpg
2026-04-03 21:58:24,320 | INFO | 📡 TG Request via Bridge...
2026-04-03 21:58:27,730 | INFO | ✅ Posted: B0GQ3NZN4G (₹349)
2026-04-03 21:58:27,834 | INFO | ✅ Successfully posted B0GQ3NZN4G (₹349, 80% OFF).
2026-04-19 21:40:11,605 | INFO | 🖥️ Headless Mode | HF=False
2026-04-19 21:40:11,607 | WARNING | ⚠️ Using ephemeral storage. Deals WILL repeat after Render restart.
2026-04-19 21:40:11,608 | WARNING | 💡 Tip: Attach a Persistent Disk to /data in Render for a permanent fix.
2026-04-19 21:40:11,624 | INFO | 🖥️ Headless Mode Start. Version: v34
2026-04-19 21:40:11,626 | INFO | 🏠 Local environment detected. Using direct connections (Ghost Protocol disabled).
2026-04-19 21:40:11,626 | INFO | 🌐 Starting Health Check Server on port 10000
2026-04-19 21:40:11,650 | INFO | 📡 DNS resolution looks normal.
2026-04-19 21:40:11,755 | INFO | [31m[1mWARNING: This is a development server. Do not use it in a production deployment. Use a production WSGI server instead.[0m
 * Running on all addresses (0.0.0.0)
 * Running on http://127.0.0.1:10000
 * Running on http://192.168.0.106:10000
2026-04-19 21:40:11,760 | INFO | [33mPress CTRL+C to quit[0m
2026-04-19 21:40:21,660 | INFO | 🚀 Resilience v34 Ultra Boots | HF=False
2026-04-19 21:40:21,662 | INFO | 🛠️ Verifying Connection...
2026-04-19 21:40:21,664 | INFO | 📡 TG Request via Direct...
2026-04-19 21:40:22,291 | INFO | ✅ Connection OK → @asd3dfghhb_bot
2026-04-19 21:40:22,441 | INFO | 📦 Processing from queue: B0DYVPP86H
2026-04-19 21:40:26,499 | INFO | 📸 Final image_url: https://images-eu.ssl-images-amazon.com/images/I/713ZDAwhQuLUL210_SR210,210_.jpg
2026-04-19 21:40:26,500 | INFO | 📊 B0DYVPP86H | ₹299 (MRP ₹1495) | 80% OFF | Shining Diva Fashion 5 Pcs Lat
2026-04-19 21:40:26,501 | INFO | 📸 Image URL: https://images-eu.ssl-images-amazon.com/images/I/713ZDAwhQuLUL210_SR210,210_.jpg
2026-04-19 21:40:26,502 | INFO | 📡 TG Request via Direct...
2026-04-19 21:40:30,253 | WARNING | ⚠️ TG via Direct failed (Timeout/Blocked)
2026-04-19 21:40:30,253 | INFO | 📡 TG Request via Bridge...
2026-04-19 21:40:31,569 | WARNING | ⚠️ TG via Bridge failed (Timeout/Blocked)
2026-04-19 21:40:33,581 | INFO | 📦 Processing from queue: B0GRTTKNJ7
2026-04-19 21:40:38,248 | INFO | 📸 Final image_url: https://images-eu.ssl-images-amazon.com/images/I/61FppLENO+LUL210_SR210,210_.jpg
2026-04-19 21:40:38,249 | INFO | 📊 B0GRTTKNJ7 | ₹298 (MRP ₹900) | 67% OFF | Kashmiri Ghangharoo Glass Bang
2026-04-19 21:40:38,250 | INFO | 📸 Image URL: https://images-eu.ssl-images-amazon.com/images/I/61FppLENO+LUL210_SR210,210_.jpg
2026-04-19 21:40:38,250 | INFO | 📡 TG Request via Direct...
2026-04-19 21:40:39,689 | WARNING | ⚠️ TG via Direct failed (Timeout/Blocked)
2026-04-19 21:40:39,701 | INFO | 📡 TG Request via Bridge...
2026-04-19 21:40:40,889 | WARNING | ⚠️ TG via Bridge failed (Timeout/Blocked)
2026-04-19 21:40:42,900 | INFO | 📦 Processing from queue: B0CSW9C5HG
2026-04-19 21:40:46,374 | INFO | 📸 Final image_url: https://m.media-amazon.com/images/I/71Asf-zFr9L.jpg
2026-04-19 21:40:46,375 | INFO | 📊 B0CSW9C5HG | ₹1299 (MRP ₹2999) | 57% OFF | DIGIMORE Voice Amplifier for T
2026-04-19 21:40:46,376 | INFO | 📸 Image URL: https://m.media-amazon.com/images/I/71Asf-zFr9L.jpg
2026-04-19 21:40:46,376 | INFO | 📡 TG Request via Direct...
2026-04-19 21:40:47,416 | INFO | ✅ Posted: B0CSW9C5HG (₹1299)
2026-04-19 21:40:47,757 | INFO | ✅ Successfully posted B0CSW9C5HG (₹1299, 57% OFF).
2026-04-19 21:40:47,955 | INFO | 🕒 Scrape interval met (30 min). Starting cycle...
2026-04-19 21:40:48,112 | INFO | 🔍 Scraper Cycle Start...
2026-04-19 21:40:50,341 | INFO | ✅ Found 30 new ASINs via [Stealth] in category kitchen
2026-04-19 21:40:51,723 | INFO | ✅ Found 30 new ASINs via [Stealth] in category beauty
2026-04-19 21:40:54,307 | INFO | ✅ Found 30 new ASINs via [Stealth] in category computers
2026-04-19 21:41:12,635 | INFO | ✅ Found 29 new ASINs via [Stealth] in category home-improvement
2026-04-19 21:41:12,750 | INFO | 🎯 Found 100 quality deals. Adding to queue.
2026-04-19 21:41:12,776 | INFO | 🕒 Next scrape in 30 minutes.
2026-04-19 21:41:42,791 | INFO | ⏳ Waiting for post interval... (4 seconds remaining)
2026-04-19 21:42:13,877 | INFO | 📦 Processing from queue: B09H73ZQBR
2026-04-19 21:42:18,518 | INFO | 📸 Final image_url: https://images-eu.ssl-images-amazon.com/images/I/71YUwBnGlaLUL210_SR210,210_.jpg
2026-04-19 21:42:18,519 | INFO | 📊 B09H73ZQBR | ₹180 (MRP ₹3000) | 94% OFF | MEENAZ Brass copper Gold kanch
2026-04-19 21:42:18,520 | INFO | 📸 Image URL: https://images-eu.ssl-images-amazon.com/images/I/71YUwBnGlaLUL210_SR210,210_.jpg
2026-04-19 21:42:18,521 | INFO | 📡 TG Request via Direct...
2026-04-19 21:42:20,540 | WARNING | ⚠️ TG via Direct failed (Timeout/Blocked)
2026-04-19 21:42:20,542 | INFO | 📡 TG Request via Bridge...
2026-04-19 21:42:21,471 | WARNING | ⚠️ TG via Bridge failed (Timeout/Blocked)
2026-04-19 21:42:23,485 | INFO | 📦 Processing from queue: B0FQ63H7BS
2026-04-19 21:42:27,100 | INFO | 📸 Final image_url: https://m.media-amazon.com/images/I/51Fxk+uNHmLPIbundle-3,TopRight,0,0_AA679SH20_.jpg
2026-04-19 21:42:27,100 | INFO | 📊 B0FQ63H7BS | ₹179 (MRP ₹?) | DEAL OFF | TEMPERIA Makeup Headband Wrist
2026-04-19 21:42:27,102 | INFO | ⏭️ Skip B0FQ63H7BS (0% < 50.0% OFF). Marking as handled.
2026-04-19 21:42:31,181 | INFO | 📦 Processing from queue: B0DQD8HWWG
2026-04-19 21:42:38,825 | WARNING | 📸 No image found for ASIN B0DQD8HWWG
2026-04-19 21:42:38,826 | INFO | 📊 B0DQD8HWWG | ₹765 (MRP ₹1999) | 62% OFF | GRENARO Mic for YouTube Wirele
2026-04-19 21:42:38,827 | INFO | 📡 TG Request via Direct...
2026-04-19 21:42:41,208 | INFO | ✅ Posted: B0DQD8HWWG (₹765)
2026-04-19 21:42:42,087 | INFO | ✅ Successfully posted B0DQD8HWWG (₹765, 62% OFF).
2026-04-19 21:43:12,123 | INFO | ⏳ Waiting for post interval... (29 seconds remaining)
2026-04-19 21:43:42,757 | INFO | 📦 Processing from queue: B0CV3T1WBB
2026-04-19 21:43:46,962 | INFO | 📸 Final image_url: https://images-eu.ssl-images-amazon.com/images/I/313sr5mjCELUL210_SR210,210_.jpg
2026-04-19 21:43:46,963 | INFO | 📊 B0CV3T1WBB | ₹219 (MRP ₹999) | 78% OFF | Fashion Frill Silver Chain For
2026-04-19 21:43:46,963 | INFO | 📸 Image URL: https://images-eu.ssl-images-amazon.com/images/I/313sr5mjCELUL210_SR210,210_.jpg
2026-04-19 21:43:46,964 | INFO | 📡 TG Request via Direct...
2026-04-19 21:43:48,285 | WARNING | ⚠️ TG via Direct failed (Timeout/Blocked)
2026-04-19 21:43:48,285 | INFO | 📡 TG Request via Bridge...
2026-04-19 21:43:49,819 | WARNING | ⚠️ TG via Bridge failed (Timeout/Blocked)
2026-04-19 21:43:51,828 | INFO | 📦 Processing from queue: B0002H0A7E
2026-04-19 21:43:59,058 | WARNING | 📸 No image found for ASIN B0002H0A7E
2026-04-19 21:43:59,059 | INFO | 📊 B0002H0A7E | ₹390 (MRP ₹?) | DEAL OFF | DAddario EXL120 Nickel Wound E
2026-04-19 21:43:59,061 | INFO | ⏭️ Skip B0002H0A7E (0% < 50.0% OFF). Marking as handled.
2026-04-19 21:44:01,458 | INFO | 📦 Processing from queue: B0DH8BVS6Z
2026-04-19 21:44:07,896 | WARNING | 📸 No image found for ASIN B0DH8BVS6Z
2026-04-19 21:44:07,897 | INFO | 📊 B0DH8BVS6Z | ₹3699 (MRP ₹5995) | 38% OFF | Digitek® DWM-116 2-in-1 Wirele
2026-04-19 21:44:07,897 | INFO | ⏭️ Skip B0DH8BVS6Z (₹3699 > ₹2000.0). Marking as handled.
2026-04-19 21:44:10,012 | INFO | 📦 Processing from queue: B0GQN2Z7KM
2026-04-19 21:44:14,547 | INFO | 📸 Final image_url: https://images-eu.ssl-images-amazon.com/images/I/61VpKEFUhKLUL210_SR210,210_.jpg
2026-04-19 21:44:14,548 | INFO | 📊 B0GQN2Z7KM | ₹469 (MRP ₹999) | 53% OFF | Kashmiri Ghangharoo Glass Bang
2026-04-19 21:44:14,549 | INFO | 📸 Image URL: https://images-eu.ssl-images-amazon.com/images/I/61VpKEFUhKLUL210_SR210,210_.jpg
2026-04-19 21:44:14,550 | INFO | 📡 TG Request via Direct...
2026-04-19 21:44:17,571 | WARNING | ⚠️ TG via Direct failed (Timeout/Blocked)
2026-04-19 21:44:17,572 | INFO | 📡 TG Request via Bridge...
2026-04-19 21:44:18,545 | WARNING | ⚠️ TG via Bridge failed (Timeout/Blocked)
2026-04-19 21:44:20,562 | INFO | 📦 Processing from queue: B0F2NBK7RN
2026-04-19 21:44:24,966 | INFO | 📸 Final image_url: https://m.media-amazon.com/images/I/717EAC0RU6L.jpg
2026-04-19 21:44:24,967 | INFO | 📊 B0F2NBK7RN | ₹919 (MRP ₹91900) | 54% OFF | VELOMAX Mic for YouTube Wirele
2026-04-19 21:44:24,968 | INFO | 📸 Image URL: https://m.media-amazon.com/images/I/717EAC0RU6L.jpg
2026-04-19 21:44:24,969 | INFO | 📡 TG Request via Direct...
2026-04-19 21:44:25,872 | INFO | ✅ Posted: B0F2NBK7RN (₹919)
2026-04-19 21:44:26,022 | INFO | ✅ Successfully posted B0F2NBK7RN (₹919, 54% OFF).
2026-04-19 22:31:51,265 | INFO | 🖥️ Headless Mode | Environment: Local
2026-04-19 22:31:51,272 | WARNING | ⚠️ Using ephemeral storage. Deals WILL repeat after Render restart.
2026-04-19 22:31:51,278 | WARNING | 💡 Tip: Attach a Persistent Disk to /data in Render for a permanent fix.
2026-04-19 22:31:51,291 | INFO | 🖥️ Headless Mode Start. Version: v34
2026-04-19 22:31:51,338 | INFO | 🌐 Starting Health Check Server on port 10000
2026-04-19 22:31:51,362 | INFO | 🏠 Local environment detected. Using direct connections (Ghost Protocol disabled).
2026-04-19 22:31:51,543 | INFO | [31m[1mWARNING: This is a development server. Do not use it in a production deployment. Use a production WSGI server instead.[0m
 * Running on all addresses (0.0.0.0)
 * Running on http://127.0.0.1:10000
 * Running on http://192.168.0.106:10000
2026-04-19 22:31:51,546 | INFO | [33mPress CTRL+C to quit[0m
2026-04-19 22:31:51,933 | INFO | 📡 DNS resolution looks normal.
2026-04-19 22:32:01,938 | INFO | 🚀 Resilience v34 Ultra Boots | Environment: Local
2026-04-19 22:32:01,940 | INFO | 🛠️ Verifying Connection...
2026-04-19 22:32:01,942 | INFO | 📡 TG Request via Direct...
2026-04-19 22:32:17,156 | INFO | ✅ Connection OK → @asd3dfghhb_bot
2026-04-19 22:32:17,274 | INFO | 📦 Processing from queue: B0D772K8X8
2026-04-19 22:32:27,211 | WARNING | 📸 No image found for ASIN B0D772K8X8
2026-04-19 22:32:27,218 | INFO | 📊 B0D772K8X8 | ₹799 (MRP ₹3199) | 75% OFF | pTron Newly Launched Fusion Tu
2026-04-19 22:32:27,229 | INFO | 📡 TG Request via Direct...
2026-04-19 22:32:28,244 | INFO | ✅ Posted: B0D772K8X8 (₹799)
2026-04-19 22:32:28,780 | INFO | ✅ Successfully posted B0D772K8X8 (₹799, 75% OFF).
2026-04-19 22:32:29,076 | INFO | 🕒 Scrape interval met (30 min). Starting cycle...
2026-04-19 22:32:29,108 | INFO | 🔍 Scraper Cycle Start...
2026-04-19 22:32:32,854 | INFO | ✅ Found 30 new ASINs via [Stealth] in category beauty
2026-04-19 22:32:49,047 | INFO | ✅ Found 30 new ASINs via [Stealth] in category apparel
2026-04-19 22:32:50,371 | INFO | ✅ Found 30 new ASINs via [Stealth] in category jewelry
2026-04-19 22:33:02,917 | INFO | ✅ Found 30 new ASINs via [Stealth] in category sports
2026-04-19 22:33:03,011 | INFO | 🎯 Found 77 quality deals. Adding to queue.
2026-04-19 22:33:03,102 | INFO | 🕒 Next scrape in 30 minutes.
2026-04-19 22:33:34,060 | INFO | 📦 Processing from queue: B0FRSQGM12
2026-04-20 22:13:24,250 | INFO | 🖥️ Headless Mode | Environment: Local
2026-04-20 22:13:24,257 | WARNING | ⚠️ Using ephemeral storage. Deals WILL repeat after Render restart.
2026-04-20 22:13:24,258 | WARNING | 💡 Tip: Attach a Persistent Disk to /data in Render for a permanent fix.
2026-04-20 22:13:24,347 | INFO | 🖥️ Headless Mode Start. Version: v34
2026-04-20 22:13:24,566 | INFO | 🏠 Local environment detected. Using direct connections (Ghost Protocol disabled).
2026-04-20 22:13:24,567 | INFO | 🌐 Starting Health Check Server on port 10000
2026-04-20 22:13:24,784 | INFO | [31m[1mWARNING: This is a development server. Do not use it in a production deployment. Use a production WSGI server instead.[0m
 * Running on all addresses (0.0.0.0)
 * Running on http://127.0.0.1:10000
 * Running on http://192.168.0.106:10000
2026-04-20 22:13:24,836 | INFO | [33mPress CTRL+C to quit[0m
2026-04-20 22:13:25,168 | INFO | 📡 DNS resolution looks normal.
2026-04-20 22:13:35,225 | INFO | 🚀 Resilience v34 Ultra Boots | Environment: Local
2026-04-20 22:13:35,280 | INFO | 🛠️ Verifying Connection...
2026-04-20 22:13:35,342 | INFO | 📡 TG Request via Direct...
2026-04-20 22:13:37,580 | INFO | ✅ Connection OK → @asd3dfghhb_bot
2026-04-20 22:13:40,864 | INFO | 📦 Processing from queue: B0FRSQGM12
2026-04-20 22:13:45,758 | WARNING | 📸 No image found for ASIN B0FRSQGM12
2026-04-20 22:13:45,758 | INFO | 📊 B0FRSQGM12 | ₹228 (MRP ₹399) | 43% OFF | Cerrito 6 Pcs Small Matte Hair
2026-04-20 22:13:45,759 | INFO | ⏭️ Skip B0FRSQGM12 (43% < 50.0% OFF). Marking as handled.
2026-04-20 22:13:47,957 | INFO | 📦 Processing from queue: B09J2VKJ43
2026-04-20 22:13:57,957 | WARNING | 📸 No image found for ASIN B09J2VKJ43
2026-04-20 22:13:57,958 | INFO | 📊 B09J2VKJ43 | ₹309 (MRP ₹1200) | 74% OFF | kapimo Fancy Hair Clips For Ba
2026-04-20 22:13:57,961 | INFO | 🚫 Skipping Blacklisted/Snack: kapimo Fancy Hair Clips For Baby Girls Toddlers Assorted Stylish Fashion Hair Ac...
2026-04-20 22:13:59,965 | INFO | 📦 Processing from queue: B0DH8BSWYF
2026-04-20 22:14:07,067 | WARNING | 📸 No image found for ASIN B0DH8BSWYF
2026-04-20 22:14:07,068 | INFO | 📊 B0DH8BSWYF | ₹3199 (MRP ₹5495) | 42% OFF | Digitek® (DWM-115 2-in-1 Wirel
2026-04-20 22:14:07,069 | INFO | ⏭️ Skip B0DH8BSWYF (₹3199 > ₹2000.0). Marking as handled.
2026-04-20 22:14:10,625 | INFO | 📦 Processing from queue: B0C5VKPPZJ
2026-04-20 22:14:17,062 | INFO | 📸 Final image_url: https://images-eu.ssl-images-amazon.com/images/I/61I3kWwEcLLUL210_SR210,210_.jpg
2026-04-20 22:14:17,063 | INFO | 📊 B0C5VKPPZJ | ₹302 (MRP ₹1495) | 80% OFF | Shining Diva Fashion Latest St
2026-04-20 22:14:17,064 | INFO | 📸 Image URL: https://images-eu.ssl-images-amazon.com/images/I/61I3kWwEcLLUL210_SR210,210_.jpg
2026-04-20 22:14:17,065 | INFO | 📡 TG Request via Direct...
2026-04-20 22:14:19,080 | WARNING | ⚠️ TG via Direct failed (Timeout/Blocked)
2026-04-20 22:14:19,084 | INFO | 📡 TG Request via Bridge...
2026-04-20 22:14:22,233 | WARNING | ⚠️ TG via Bridge failed (Timeout/Blocked)
2026-04-20 22:14:24,324 | INFO | 📦 Processing from queue: B0DCJXXKRR
2026-04-20 22:14:33,378 | WARNING | 📸 No image found for ASIN B0DCJXXKRR
2026-04-20 22:14:33,380 | INFO | 📊 B0DCJXXKRR | ₹2196 (MRP ₹3999) | 45% OFF | GRENARO P10 Wireless Mic for Y
2026-04-20 22:14:33,380 | INFO | ⏭️ Skip B0DCJXXKRR (₹2196 > ₹2000.0). Marking as handled.
2026-04-20 22:14:36,636 | INFO | 📦 Processing from queue: B0D3DCP7JQ
2026-04-20 22:14:41,503 | INFO | 📸 Final image_url: https://images-eu.ssl-images-amazon.com/images/I/71R2QnSdv+LUL210_SR210,210_.jpg
2026-04-20 22:14:41,505 | INFO | 📊 B0D3DCP7JQ | ₹259.61 (MRP ₹1999) | 87% OFF | Shining Diva Fashion 5 Pcs Com
2026-04-20 22:14:41,506 | INFO | 📸 Image URL: https://images-eu.ssl-images-amazon.com/images/I/71R2QnSdv+LUL210_SR210,210_.jpg
2026-04-20 22:14:41,506 | INFO | 📡 TG Request via Direct...
2026-04-20 22:14:44,421 | WARNING | ⚠️ TG via Direct failed (Timeout/Blocked)
2026-04-20 22:14:44,426 | INFO | 📡 TG Request via Bridge...
2026-04-20 22:14:49,782 | WARNING | ⚠️ TG via Bridge failed (Timeout/Blocked)
2026-04-20 22:14:51,797 | INFO | 📦 Processing from queue: B0C1N366XM
2026-04-20 22:14:56,208 | INFO | 📸 Final image_url: https://m.media-amazon.com/images/I/71UCk9VMVrL.jpg
2026-04-20 22:14:56,226 | INFO | 📊 B0C1N366XM | ₹299 (MRP ₹1499) | 80% OFF | Shining Diva Fashion Latest St
2026-04-20 22:14:56,426 | INFO | 📸 Image URL: https://m.media-amazon.com/images/I/71UCk9VMVrL.jpg
2026-04-20 22:14:56,707 | INFO | 📡 TG Request via Direct...
2026-04-20 22:14:58,540 | INFO | ✅ Posted: B0C1N366XM (₹299)
2026-04-20 22:14:59,177 | INFO | ✅ Successfully posted B0C1N366XM (₹299, 80% OFF).
2026-04-20 22:14:59,201 | INFO | 🕒 Scrape interval met (30 min). Starting cycle...
2026-04-20 22:14:59,215 | INFO | 🔍 Scraper Cycle Start...
2026-04-20 22:15:06,710 | INFO | ✅ Found 30 new ASINs via [Stealth] in category computers
2026-06-30 20:30:51,106 | INFO | 🖥️ Headless Mode | Environment: Local
2026-06-30 20:30:51,110 | WARNING | ⚠️ Using ephemeral storage. Deals WILL repeat after Render restart.
2026-06-30 20:30:51,111 | WARNING | 💡 Tip: Attach a Persistent Disk to /data in Render for a permanent fix.
2026-06-30 20:30:51,122 | INFO | 🖥️ Headless Mode Start. Version: v34
2026-06-30 20:30:51,124 | INFO | 🏠 Local environment detected. Using direct connections (Ghost Protocol disabled).
2026-06-30 20:30:51,125 | INFO | 🌐 Starting Health Check Server on port 10000
2026-06-30 20:30:51,234 | INFO | 📡 DNS resolution looks normal.
2026-06-30 20:30:51,399 | INFO | [31m[1mWARNING: This is a development server. Do not use it in a production deployment. Use a production WSGI server instead.[0m
 * Running on all addresses (0.0.0.0)
 * Running on http://127.0.0.1:10000
 * Running on http://192.168.0.107:10000
2026-06-30 20:30:51,404 | INFO | [33mPress CTRL+C to quit[0m
2026-06-30 20:31:01,246 | INFO | 🚀 Resilience v34 Ultra Boots | Environment: Local
2026-06-30 20:31:01,278 | INFO | ⚙️ Configuration: Scrape every 1500 sec | Post every 1800 sec (30 min)
2026-06-30 20:31:01,287 | INFO | 💰 Filters: Max Price ₹5000 | Min Discount 30%
2026-06-30 20:31:01,290 | INFO | 🛠️ Verifying Connection...
2026-06-30 20:31:01,297 | INFO | 📡 TG Request via Direct...
2026-06-30 20:31:02,152 | INFO | ✅ Connection OK → @asd3dfghhb_bot
2026-06-30 20:31:02,175 | INFO | 📤 POST INTERVAL MET! Ready to post a deal. Queue has 211 items.
2026-06-30 20:31:02,179 | INFO | 📦 Processing from queue: B0GHMYXDDZ
2026-06-30 20:31:04,065 | ERROR | Worker Error: Couldn't find a tree builder with the features you requested: lxml. Do you need to install a parser library?. Restarting in 30s...
2026-06-30 20:31:34,074 | INFO | 📤 POST INTERVAL MET! Ready to post a deal. Queue has 211 items.
2026-06-30 20:31:34,076 | INFO | 📦 Processing from queue: B0GHMYXDDZ
2026-06-30 20:31:36,521 | ERROR | Worker Error: Couldn't find a tree builder with the features you requested: lxml. Do you need to install a parser library?. Restarting in 30s...
2026-06-30 20:32:06,528 | INFO | 📤 POST INTERVAL MET! Ready to post a deal. Queue has 211 items.
2026-06-30 20:32:06,541 | INFO | 📦 Processing from queue: B0GHMYXDDZ
2026-06-30 20:32:08,672 | ERROR | Worker Error: Couldn't find a tree builder with the features you requested: lxml. Do you need to install a parser library?. Restarting in 30s...
2026-06-30 20:32:38,964 | INFO | 📤 POST INTERVAL MET! Ready to post a deal. Queue has 211 items.
2026-06-30 20:32:38,968 | INFO | 📦 Processing from queue: B0GHMYXDDZ
2026-06-30 20:32:40,930 | ERROR | Worker Error: Couldn't find a tree builder with the features you requested: lxml. Do you need to install a parser library?. Restarting in 30s...
2026-06-30 20:33:10,938 | INFO | 📤 POST INTERVAL MET! Ready to post a deal. Queue has 211 items.
2026-06-30 20:33:10,941 | INFO | 📦 Processing from queue: B0GHMYXDDZ
2026-06-30 20:33:13,197 | ERROR | Worker Error: Couldn't find a tree builder with the features you requested: lxml. Do you need to install a parser library?. Restarting in 30s...
2026-06-30 20:33:43,205 | INFO | 📤 POST INTERVAL MET! Ready to post a deal. Queue has 211 items.
2026-06-30 20:33:43,207 | INFO | 📦 Processing from queue: B0GHMYXDDZ
2026-06-30 20:33:45,404 | ERROR | Worker Error: Couldn't find a tree builder with the features you requested: lxml. Do you need to install a parser library?. Restarting in 30s...
2026-06-30 20:34:15,506 | INFO | 📤 POST INTERVAL MET! Ready to post a deal. Queue has 211 items.
2026-06-30 20:34:15,536 | INFO | 📦 Processing from queue: B0GHMYXDDZ
2026-06-30 20:34:17,626 | ERROR | Worker Error: Couldn't find a tree builder with the features you requested: lxml. Do you need to install a parser library?. Restarting in 30s...
2026-06-30 20:34:32,247 | INFO | 🖥️ Headless Mode | Environment: Local
2026-06-30 20:34:32,249 | WARNING | ⚠️ Using ephemeral storage. Deals WILL repeat after Render restart.
2026-06-30 20:34:32,250 | WARNING | 💡 Tip: Attach a Persistent Disk to /data in Render for a permanent fix.
2026-06-30 20:34:32,275 | INFO | 🖥️ Headless Mode Start. Version: v34
2026-06-30 20:34:32,278 | INFO | 🏠 Local environment detected. Using direct connections (Ghost Protocol disabled).
2026-06-30 20:34:32,278 | INFO | 🌐 Starting Health Check Server on port 10000
2026-06-30 20:34:32,318 | INFO | 📡 DNS resolution looks normal.
2026-06-30 20:34:32,349 | INFO | [31m[1mWARNING: This is a development server. Do not use it in a production deployment. Use a production WSGI server instead.[0m
 * Running on all addresses (0.0.0.0)
 * Running on http://127.0.0.1:10000
 * Running on http://192.168.0.107:10000
2026-06-30 20:34:32,351 | INFO | [33mPress CTRL+C to quit[0m
2026-06-30 20:34:42,320 | INFO | 🚀 Resilience v34 Ultra Boots | Environment: Local
2026-06-30 20:34:42,321 | INFO | ⚙️ Configuration: Scrape every 1500 sec | Post every 1800 sec (30 min)
2026-06-30 20:34:42,322 | INFO | 💰 Filters: Max Price ₹5000 | Min Discount 30%
2026-06-30 20:34:42,323 | INFO | 🛠️ Verifying Connection...
2026-06-30 20:34:42,324 | INFO | 📡 TG Request via Direct...
2026-06-30 20:34:43,135 | INFO | ✅ Connection OK → @asd3dfghhb_bot
2026-06-30 20:34:43,144 | INFO | 📤 POST INTERVAL MET! Ready to post a deal. Queue has 211 items.
2026-06-30 20:34:43,159 | INFO | 📦 Processing from queue: B0GHMYXDDZ
2026-06-30 20:34:46,531 | INFO | 📸 Final image_url: https://images-eu.ssl-images-amazon.com/images/I/61lzyJCkTtLUL210_SR210,210_.jpg
2026-06-30 20:34:46,532 | INFO | 📊 B0GHMYXDDZ | ₹455 (MRP ₹1499) | 70% OFF | South Indian Traditional Antiq
2026-06-30 20:34:46,532 | INFO | ⏭️ Skip B0GHMYXDDZ (Blacklisted keyword match). Marking as handled.
2026-06-30 20:34:46,536 | INFO | 📦 Processing from queue: B08KWM1MHV
2026-06-30 20:34:49,305 | INFO | 📸 Final image_url: https://m.media-amazon.com/images/I/61E+Nm2pzKL.jpg
2026-06-30 20:34:49,306 | INFO | 📊 B08KWM1MHV | ₹469 (MRP ₹700) | 33% OFF | JUAREZ JRGS100 Heavy-Duty Meta
2026-06-30 20:34:49,306 | INFO | ✅ Deal qualifies! Price: ₹469.0 (max: ₹5000.0), Discount: 33% (min: 30.0%)
2026-06-30 20:34:49,307 | INFO | 📸 Image URL: https://m.media-amazon.com/images/I/61E+Nm2pzKL.jpg
2026-06-30 20:34:49,307 | INFO | 📡 TG Request via Direct...
2026-06-30 20:34:50,364 | INFO | ✅ Posted: B08KWM1MHV (₹469)
2026-06-30 20:34:50,440 | INFO | 🎉 DEAL POSTED SUCCESSFULLY to Telegram: B08KWM1MHV
2026-06-30 20:34:51,016 | INFO | ✅ Successfully posted B08KWM1MHV (₹469, 33% OFF).
2026-06-30 20:34:51,107 | INFO | 🕒 Scrape interval met (1500 sec). Starting cycle...
2026-06-30 20:34:51,111 | INFO | 🔍 Scraper Cycle Start...
2026-06-30 20:34:53,029 | INFO | ✅ Found 30 new ASINs via [Stealth] in category electronics
2026-06-30 20:34:57,155 | INFO | ✅ Found 30 new ASINs via [Stealth] in category sports
2026-06-30 20:35:10,418 | INFO | 🎯 Found 41 candidate deals. Adding to queue.
2026-06-30 20:35:10,442 | INFO | 🕒 Next scrape in 1500 seconds.
2026-07-05 08:47:02,584 | INFO | 🖥️ Headless Mode | Environment: Local
2026-07-05 08:47:03,064 | WARNING | ⚠️ Using ephemeral storage. Deals WILL repeat after Render restart.
2026-07-05 08:47:03,066 | WARNING | 💡 Tip: Attach a Persistent Disk to /data in Render for a permanent fix.
2026-07-05 08:47:03,580 | INFO | 🖥️ Headless Mode Start. Version: v34
2026-07-05 08:47:03,632 | INFO | 🏠 Local environment detected. Using direct connections (Ghost Protocol disabled).
2026-07-05 08:47:03,632 | INFO | 🌐 Starting Health Check Server on port 10000
2026-07-05 08:47:04,108 | INFO | 📡 DNS resolution looks normal.
2026-07-05 08:47:07,553 | INFO | [31m[1mWARNING: This is a development server. Do not use it in a production deployment. Use a production WSGI server instead.[0m
 * Running on all addresses (0.0.0.0)
 * Running on http://127.0.0.1:10000
 * Running on http://192.168.0.107:10000
2026-07-05 08:47:07,806 | INFO | [33mPress CTRL+C to quit[0m
2026-07-05 08:47:14,120 | INFO | 🚀 Resilience v34 Ultra Boots | Environment: Local
2026-07-05 08:47:14,123 | INFO | ⚙️ Configuration: Scrape every 1500 sec | Post every 1800 sec (30 min)
2026-07-05 08:47:14,123 | INFO | 💰 Filters: Max Price ₹5000 | Min Discount 30%
2026-07-05 08:47:14,124 | INFO | 🛠️ Verifying Connection...
2026-07-05 08:47:14,125 | INFO | 📡 TG Request via Direct...
2026-07-05 08:47:15,202 | INFO | ✅ Connection OK → @asd3dfghhb_bot
2026-07-05 08:47:15,257 | INFO | 📤 POST INTERVAL MET! Ready to post a deal. Queue has 250 items.
2026-07-05 08:47:16,229 | INFO | 💾 Remote history synced (+935 remote, 1131 total)
2026-07-05 08:47:16,265 | INFO | ⏭️ Skip B08R3W2131 (Already sent — in memory or file)
2026-07-05 08:47:16,378 | INFO | ⏭️ Skip B08G1NYPLF (Already sent — in memory or file)
2026-07-05 08:47:16,409 | INFO | ⏭️ Skip B017NPCSLI (Already sent — in memory or file)
2026-07-05 08:47:16,429 | INFO | ⏭️ Skip B0GT3GMNH7 (Already sent — in memory or file)
2026-07-05 08:47:16,473 | INFO | ⏭️ Skip B09ZV5JHVR (Already sent — in memory or file)
2026-07-05 08:47:16,498 | INFO | ⏭️ Skip B071CMQ6N2 (Already sent — in memory or file)
2026-07-05 08:47:16,547 | INFO | ⏭️ Skip B071GYBCBX (Already sent — in memory or file)
2026-07-05 08:47:16,562 | INFO | ⏭️ Skip B0GMWDK829 (Already sent — in memory or file)
2026-07-05 08:47:16,672 | INFO | ⏭️ Skip B0B8DF9H2R (Already sent — in memory or file)
2026-07-05 08:47:16,680 | INFO | ⏭️ Skip B073B6TQQY (Already sent — in memory or file)
2026-07-05 08:47:16,692 | INFO | ⏭️ Skip B0DFCKWRBM (Already sent — in memory or file)
2026-07-05 08:47:16,756 | INFO | ⏭️ Skip B0716FQ7SP (Already sent — in memory or file)
2026-07-05 08:47:16,857 | INFO | ⏭️ Skip B0DQ1JVBFV (Already sent — in memory or file)
2026-07-05 08:47:16,937 | INFO | ⏭️ Skip B0G39ZHCJH (Already sent — in memory or file)
2026-07-05 08:47:17,023 | INFO | ⏭️ Skip B076B8G5D8 (Already sent — in memory or file)
2026-07-05 08:47:17,095 | INFO | ⏭️ Skip B07T35ZBHB (Already sent — in memory or file)
2026-07-05 08:47:17,531 | INFO | ⏭️ Skip B0FHBRX7T7 (Already sent — in memory or file)
2026-07-05 08:47:17,732 | INFO | ⏭️ Skip B0FMWXRQRR (Already sent — in memory or file)
2026-07-05 08:47:17,777 | INFO | ⏭️ Skip B0DMV9KZ76 (Already sent — in memory or file)
2026-07-05 08:47:17,890 | INFO | ⏭️ Skip B0B3KT7SDJ (Already sent — in memory or file)
2026-07-05 08:47:17,912 | INFO | ⏭️ Skip B0FMQW9LZD (Already sent — in memory or file)
2026-07-05 08:47:17,969 | INFO | ⏭️ Skip B0FTG7MPF4 (Already sent — in memory or file)
2026-07-05 08:47:17,978 | INFO | ⏭️ Skip B0BTHBJT3L (Already sent — in memory or file)
2026-07-05 08:47:18,072 | INFO | ⏭️ Skip B08K43SPQ1 (Already sent — in memory or file)
2026-07-05 08:47:18,141 | INFO | ⏭️ Skip B0BWJ5MFRY (Already sent — in memory or file)
2026-07-05 08:47:18,208 | INFO | ⏭️ Skip B0FPM3PLBW (Already sent — in memory or file)
2026-07-05 08:47:18,215 | INFO | ⏭️ Skip B088KRHPG5 (Already sent — in memory or file)
2026-07-05 08:47:18,270 | INFO | ⏭️ Skip B0B6VQKDGL (Already sent — in memory or file)
2026-07-05 08:47:18,274 | INFO | ⏭️ Skip B0CD44YX65 (Already sent — in memory or file)
2026-07-05 08:47:18,278 | INFO | ⏭️ Skip B0FD7Z3TYM (Already sent — in memory or file)
2026-07-05 08:47:18,298 | INFO | ⏭️ Skip B0FT8NVZSP (Already sent — in memory or file)
2026-07-05 08:47:18,315 | INFO | ⏭️ Skip B0F93FP9MZ (Already sent — in memory or file)
2026-07-05 08:47:18,324 | INFO | ⏭️ Skip B00BX5FOCK (Already sent — in memory or file)
2026-07-05 08:47:18,327 | INFO | ⏭️ Skip B09R3QNGW5 (Already sent — in memory or file)
2026-07-05 08:47:18,330 | INFO | ⏭️ Skip B07D4T4YT2 (Already sent — in memory or file)
2026-07-05 08:47:18,357 | INFO | ⏭️ Skip B0B6XQGXJW (Already sent — in memory or file)
2026-07-05 08:47:18,360 | INFO | ⏭️ Skip B09S6M7JQJ (Already sent — in memory or file)
2026-07-05 08:47:18,363 | INFO | ⏭️ Skip B0C7CYBGMX (Already sent — in memory or file)
2026-07-05 08:47:18,388 | INFO | ⏭️ Skip B0FS1VB862 (Already sent — in memory or file)
2026-07-05 08:47:18,391 | INFO | ⏭️ Skip B089YC1QMD (Already sent — in memory or file)
2026-07-05 08:47:18,395 | INFO | ⏭️ Skip B09TZTHHBC (Already sent — in memory or file)
2026-07-05 08:47:18,413 | INFO | ⏭️ Skip B006QHB9GK (Already sent — in memory or file)
2026-07-05 08:47:18,423 | INFO | ⏭️ Skip B07BDNGTYC (Already sent — in memory or file)
2026-07-05 08:47:18,426 | INFO | ⏭️ Skip B01CCGW4OE (Already sent — in memory or file)
2026-07-05 08:47:18,429 | INFO | ⏭️ Skip B0B4RX7ZXK (Already sent — in memory or file)
2026-07-05 08:47:18,447 | INFO | ⏭️ Skip B07DL94CPX (Already sent — in memory or file)
2026-07-05 08:47:18,449 | INFO | ⏭️ Skip B096PJMGPL (Already sent — in memory or file)
2026-07-05 08:47:18,476 | INFO | ⏭️ Skip B09BFV96TS (Already sent — in memory or file)
2026-07-05 08:47:18,481 | INFO | ⏭️ Skip B010M5GQ78 (Already sent — in memory or file)
2026-07-05 08:47:18,485 | INFO | ⏭️ Skip B0DSPDGS1Z (Already sent — in memory or file)
2026-07-05 08:47:18,500 | INFO | ⏭️ Skip B097JJ2CK6 (Already sent — in memory or file)
2026-07-05 08:47:18,512 | INFO | ⏭️ Skip B0CR6JQT6F (Already sent — in memory or file)
2026-07-05 08:47:18,515 | INFO | ⏭️ Skip B000LQUA6M (Already sent — in memory or file)
2026-07-05 08:47:18,560 | INFO | ⏭️ Skip B0D7TGDMVQ (Already sent — in memory or file)
2026-07-05 08:47:18,562 | INFO | ⏭️ Skip B0CSDNFGFB (Already sent — in memory or file)
2026-07-05 08:47:18,570 | INFO | ⏭️ Skip B0FJ2LY2JN (Already sent — in memory or file)
2026-07-05 08:47:18,574 | INFO | ⏭️ Skip B0DBZL8S69 (Already sent — in memory or file)
2026-07-05 08:47:18,579 | INFO | ⏭️ Skip B0BTD4S4XF (Already sent — in memory or file)
2026-07-05 08:47:18,614 | INFO | ⏭️ Skip B00M6P68NU (Already sent — in memory or file)
2026-07-05 08:47:18,625 | INFO | ⏭️ Skip B0FPRNQ21M (Already sent — in memory or file)
2026-07-05 08:47:18,628 | INFO | ⏭️ Skip B008XT42JU (Already sent — in memory or file)
2026-07-05 08:47:18,646 | INFO | ⏭️ Skip B0DV5C5FR2 (Already sent — in memory or file)
2026-07-05 08:47:18,659 | INFO | ⏭️ Skip B0BLK4YRSN (Already sent — in memory or file)
2026-07-05 08:47:18,662 | INFO | ⏭️ Skip B0DNFSSF3F (Already sent — in memory or file)
2026-07-05 08:47:18,680 | INFO | ⏭️ Skip B0B296NTFV (Already sent — in memory or file)
2026-07-05 08:47:18,688 | INFO | ⏭️ Skip B09QGZFBPM (Already sent — in memory or file)
2026-07-05 08:47:18,695 | INFO | ⏭️ Skip B0DY1XYMYW (Already sent — in memory or file)
2026-07-05 08:47:18,699 | INFO | ⏭️ Skip B0GNTD8RYK (Already sent — in memory or file)
2026-07-05 08:47:18,714 | INFO | ⏭️ Skip B0C6M3KHXV (Already sent — in memory or file)
2026-07-05 08:47:18,749 | INFO | ⏭️ Skip B07FZ18FMF (Already sent — in memory or file)
2026-07-05 08:47:18,758 | INFO | ⏭️ Skip B0DF5LG8KZ (Already sent — in memory or file)
2026-07-05 08:47:18,761 | INFO | ⏭️ Skip B01DGVKBC6 (Already sent — in memory or file)
2026-07-05 08:47:18,781 | INFO | ⏭️ Skip B0GHR4W2DR (Already sent — in memory or file)
2026-07-05 08:47:18,791 | INFO | ⏭️ Skip B0B45RB1RV (Already sent — in memory or file)
2026-07-05 08:47:18,794 | INFO | ⏭️ Skip B07S7R626P (Already sent — in memory or file)
2026-07-05 08:47:18,797 | INFO | ⏭️ Skip B08VRGH6NM (Already sent — in memory or file)
2026-07-05 08:47:18,816 | INFO | ⏭️ Skip B0BL6S8KHM (Already sent — in memory or file)
2026-07-05 08:47:18,824 | INFO | ⏭️ Skip B0CSFS1DPP (Already sent — in memory or file)
2026-07-05 08:47:18,827 | INFO | ⏭️ Skip B01HJI0FS2 (Already sent — in memory or file)
2026-07-05 08:47:18,841 | INFO | ⏭️ Skip B0CP9NSXYJ (Already sent — in memory or file)
2026-07-05 08:47:18,843 | INFO | ⏭️ Skip B01EWZSW6M (Already sent — in memory or file)
2026-07-05 08:47:18,846 | INFO | ⏭️ Skip B07Y24YFSP (Already sent — in memory or file)
2026-07-05 08:47:18,864 | INFO | ⏭️ Skip B0FMYRVQ8Q (Already sent — in memory or file)
2026-07-05 08:47:18,882 | INFO | ⏭️ Skip B0824BZGH9 (Already sent — in memory or file)
2026-07-05 08:47:18,908 | INFO | ⏭️ Skip B0DQJ46TYL (Already sent — in memory or file)
2026-07-05 08:47:18,911 | INFO | ⏭️ Skip B0F5BLYYCN (Already sent — in memory or file)
2026-07-05 08:47:18,914 | INFO | ⏭️ Skip B0DZ7C519W (Already sent — in memory or file)
2026-07-05 08:47:18,926 | INFO | ⏭️ Skip B0B573QW21 (Already sent — in memory or file)
2026-07-05 08:47:18,929 | INFO | ⏭️ Skip B0DRCT1MTK (Already sent — in memory or file)
2026-07-05 08:47:18,940 | INFO | ⏭️ Skip B0GPN9R146 (Already sent — in memory or file)
2026-07-05 08:47:18,947 | INFO | ⏭️ Skip B09SLQPK3T (Already sent — in memory or file)
2026-07-05 08:47:18,959 | INFO | ⏭️ Skip B0C9MRVXC2 (Already sent — in memory or file)
2026-07-05 08:47:18,964 | INFO | ⏭️ Skip B0G4RNDJF6 (Already sent — in memory or file)
2026-07-05 08:47:18,977 | INFO | ⏭️ Skip B0CK87K836 (Already sent — in memory or file)
2026-07-05 08:47:18,980 | INFO | ⏭️ Skip B0DVSNG7NC (Already sent — in memory or file)
2026-07-05 08:47:18,983 | INFO | ⏭️ Skip B07VKM2HR5 (Already sent — in memory or file)
2026-07-05 08:47:18,994 | INFO | ⏭️ Skip B06WGZP21B (Already sent — in memory or file)
2026-07-05 08:47:18,997 | INFO | ⏭️ Skip B008FWZ5MS (Already sent — in memory or file)
2026-07-05 08:47:19,008 | INFO | ⏭️ Skip B09T757FCS (Already sent — in memory or file)
2026-07-05 08:47:19,011 | INFO | ⏭️ Skip B08QSWPZS5 (Already sent — in memory or file)
2026-07-05 08:47:19,014 | INFO | ⏭️ Skip B07M9XYH9K (Already sent — in memory or file)
2026-07-05 08:47:19,026 | INFO | ⏭️ Skip B09XM4QVQZ (Already sent — in memory or file)
2026-07-05 08:47:19,030 | INFO | ⏭️ Skip B00A0VCJPI (Already sent — in memory or file)
2026-07-05 08:47:19,044 | INFO | ⏭️ Skip B0FB8VST2G (Already sent — in memory or file)
2026-07-05 08:47:19,047 | INFO | ⏭️ Skip B0F9YKYW5N (Already sent — in memory or file)
2026-07-05 08:47:19,076 | INFO | ⏭️ Skip B0DF833X4W (Already sent — in memory or file)
2026-07-05 08:47:19,080 | INFO | ⏭️ Skip B0CXJ93QVL (Already sent — in memory or file)
2026-07-05 08:47:19,091 | INFO | ⏭️ Skip B09VTDMRY7 (Already sent — in memory or file)
2026-07-05 08:47:19,094 | INFO | ⏭️ Skip B006LXDVTM (Already sent — in memory or file)
2026-07-05 08:47:19,097 | INFO | ⏭️ Skip B098NS6PVG (Already sent — in memory or file)
2026-07-05 08:47:19,110 | INFO | ⏭️ Skip B0CXM5DT52 (Already sent — in memory or file)
2026-07-05 08:47:19,114 | INFO | ⏭️ Skip B08MC2RWRS (Already sent — in memory or file)
2026-07-05 08:47:19,127 | INFO | ⏭️ Skip B07LDKFM2Y (Already sent — in memory or file)
2026-07-05 08:47:19,130 | INFO | ⏭️ Skip B0D9FL6CFX (Already sent — in memory or file)
2026-07-05 08:47:19,139 | INFO | ⏭️ Skip B081QHNGSV (Already sent — in memory or file)
2026-07-05 08:47:19,160 | INFO | ⏭️ Skip B06XDP2C1S (Already sent — in memory or file)
2026-07-05 08:47:19,176 | INFO | ⏭️ Skip B082WYMTWF (Already sent — in memory or file)
2026-07-05 08:47:19,178 | INFO | ⏭️ Skip B0C3RBDLS1 (Already sent — in memory or file)
2026-07-05 08:47:19,181 | INFO | ⏭️ Skip B0CQRNWJM2 (Already sent — in memory or file)
2026-07-05 08:47:19,193 | INFO | ⏭️ Skip B08VJFYH6N (Already sent — in memory or file)
2026-07-05 08:47:19,196 | INFO | ⏭️ Skip B0GVNW9CQR (Already sent — in memory or file)
2026-07-05 08:47:19,199 | INFO | ⏭️ Skip B0983PRR2Z (Already sent — in memory or file)
2026-07-05 08:47:19,208 | INFO | ⏭️ Skip B08FW1GJ4F (Already sent — in memory or file)
2026-07-05 08:47:19,211 | INFO | ⏭️ Skip B01A57IV58 (Already sent — in memory or file)
2026-07-05 08:47:19,225 | INFO | ⏭️ Skip B09FPS9D5T (Already sent — in memory or file)
2026-07-05 08:47:19,228 | INFO | ⏭️ Skip B0828VX6NQ (Already sent — in memory or file)
2026-07-05 08:47:19,231 | INFO | ⏭️ Skip B0DX77JM71 (Already sent — in memory or file)
2026-07-05 08:47:19,240 | INFO | ⏭️ Skip B0CNLTF152 (Already sent — in memory or file)
2026-07-05 08:47:19,242 | INFO | ⏭️ Skip B07YZ367F6 (Already sent — in memory or file)
2026-07-05 08:47:19,245 | INFO | ⏭️ Skip B0B6Y3FNV7 (Already sent — in memory or file)
2026-07-05 08:47:19,249 | INFO | ⏭️ Skip B0GK18G4V8 (Already sent — in memory or file)
2026-07-05 08:47:19,259 | INFO | ⏭️ Skip B01568SIG8 (Already sent — in memory or file)
2026-07-05 08:47:19,261 | INFO | ⏭️ Skip B0DGXHHPCL (Already sent — in memory or file)
2026-07-05 08:47:19,266 | INFO | ⏭️ Skip B0B6VSBBDF (Already sent — in memory or file)
2026-07-05 08:47:19,275 | INFO | ⏭️ Skip B0BN1ZSS6J (Already sent — in memory or file)
2026-07-05 08:47:19,278 | INFO | ⏭️ Skip B08ZJMHCZ2 (Already sent — in memory or file)
2026-07-05 08:47:19,291 | INFO | ⏭️ Skip B0FNWQ2FD7 (Already sent — in memory or file)
2026-07-05 08:47:19,294 | INFO | ⏭️ Skip B000FI8ER8 (Already sent — in memory or file)
2026-07-05 08:47:19,297 | INFO | ⏭️ Skip B0FLK4B4FL (Already sent — in memory or file)
2026-07-05 08:47:19,309 | INFO | ⏭️ Skip B0FDW55HNT (Already sent — in memory or file)
2026-07-05 08:47:19,314 | INFO | ⏭️ Skip B0DX1H3GH4 (Already sent — in memory or file)
2026-07-05 08:47:19,328 | INFO | ⏭️ Skip B0FY2G5SY9 (Already sent — in memory or file)
2026-07-05 08:47:19,331 | INFO | ⏭️ Skip B0D873HJTT (Already sent — in memory or file)
2026-07-05 08:47:19,341 | INFO | ⏭️ Skip B0GRTTKNJ7 (Already sent — in memory or file)
2026-07-05 08:47:19,343 | INFO | ⏭️ Skip B0GR6MMF7W (Already sent — in memory or file)
2026-07-05 08:47:19,345 | INFO | ⏭️ Skip B0CV3T1WBB (Already sent — in memory or file)
2026-07-05 08:47:19,360 | INFO | ⏭️ Skip B07MZG27XK (Already sent — in memory or file)
2026-07-05 08:47:19,364 | INFO | ⏭️ Skip B09YJ475JC (Already sent — in memory or file)
2026-07-05 08:47:19,375 | INFO | ⏭️ Skip B08LZKPT32 (Already sent — in memory or file)
2026-07-05 08:47:19,378 | INFO | ⏭️ Skip B0D6R39TXG (Already sent — in memory or file)
2026-07-05 08:47:19,381 | INFO | ⏭️ Skip B0B8VPCY1Q (Already sent — in memory or file)
2026-07-05 08:47:19,395 | INFO | ⏭️ Skip B0FVSG25HR (Already sent — in memory or file)
2026-07-05 08:47:19,408 | INFO | ⏭️ Skip B0CKBND48X (Already sent — in memory or file)
2026-07-05 08:47:19,411 | INFO | ⏭️ Skip B0FTX3WDH8 (Already sent — in memory or file)
2026-07-05 08:47:19,413 | INFO | ⏭️ Skip B0DZBYLWXW (Already sent — in memory or file)
2026-07-05 08:47:19,427 | INFO | ⏭️ Skip B09HM2SRTH (Already sent — in memory or file)
2026-07-05 08:47:19,430 | INFO | ⏭️ Skip B0DYFB76QF (Already sent — in memory or file)
2026-07-05 08:47:19,433 | INFO | ⏭️ Skip B073WCC5YL (Already sent — in memory or file)
2026-07-05 08:47:19,445 | INFO | ⏭️ Skip B0DKJZX382 (Already sent — in memory or file)
2026-07-05 08:47:19,448 | INFO | ⏭️ Skip B09H73ZQBR (Already sent — in memory or file)
2026-07-05 08:47:19,459 | INFO | ⏭️ Skip B0C55FP5TX (Already sent — in memory or file)
2026-07-05 08:47:19,462 | INFO | ⏭️ Skip B0FBWMFNLC (Already sent — in memory or file)
2026-07-05 08:47:19,464 | INFO | ⏭️ Skip B0CKBXTPL1 (Already sent — in memory or file)
2026-07-05 08:47:19,475 | INFO | ⏭️ Skip B0FB474BN1 (Already sent — in memory or file)
2026-07-05 08:47:19,479 | INFO | ⏭️ Skip B09G9W3WFL (Already sent — in memory or file)
2026-07-05 08:47:19,507 | INFO | ⏭️ Skip B0DYVPP86H (Already sent — in memory or file)
2026-07-05 08:47:19,510 | INFO | ⏭️ Skip B00W04OTYM (Already sent — in memory or file)
2026-07-05 08:47:19,513 | INFO | ⏭️ Skip B014213DS8 (Already sent — in memory or file)
2026-07-05 08:47:19,528 | INFO | ⏭️ Skip B0CFR518WH (Already sent — in memory or file)
2026-07-05 08:47:19,530 | INFO | ⏭️ Skip B0F9X5NN5B (Already sent — in memory or file)
2026-07-05 08:47:19,533 | INFO | ⏭️ Skip B00T926QUI (Already sent — in memory or file)
2026-07-05 08:47:19,541 | INFO | ⏭️ Skip B08H8KD72Q (Already sent — in memory or file)
2026-07-05 08:47:19,544 | INFO | ⏭️ Skip B07JVPXV2Q (Already sent — in memory or file)
2026-07-05 08:47:19,563 | INFO | ⏭️ Skip B0B6NSDR2H (Already sent — in memory or file)
2026-07-05 08:47:19,566 | INFO | ⏭️ Skip B0DTTXM92H (Already sent — in memory or file)
2026-07-05 08:47:19,576 | INFO | ⏭️ Skip B0GQMSBQCN (Already sent — in memory or file)
2026-07-05 08:47:19,579 | INFO | ⏭️ Skip B08L13PPNS (Already sent — in memory or file)
2026-07-05 08:47:19,599 | INFO | ⏭️ Skip B0B77X44MX (Already sent — in memory or file)
2026-07-05 08:47:19,607 | INFO | ⏭️ Skip B0CJFQWSYZ (Already sent — in memory or file)
2026-07-05 08:47:19,610 | INFO | ⏭️ Skip B010FMOONG (Already sent — in memory or file)
2026-07-05 08:47:19,624 | INFO | ⏭️ Skip B012SX56OG (Already sent — in memory or file)
2026-07-05 08:47:19,627 | INFO | ⏭️ Skip B01IEVIVAC (Already sent — in memory or file)
2026-07-05 08:47:19,629 | INFO | ⏭️ Skip B0F9SYJD3X (Already sent — in memory or file)
2026-07-05 08:47:19,640 | INFO | ⏭️ Skip B07QC7J7PF (Already sent — in memory or file)
2026-07-05 08:47:19,642 | INFO | ⏭️ Skip B0BDG16KVN (Already sent — in memory or file)
2026-07-05 08:47:19,644 | INFO | ⏭️ Skip B0F3JHWP6T (Already sent — in memory or file)
2026-07-05 08:47:19,658 | INFO | ⏭️ Skip B09WVXMG96 (Already sent — in memory or file)
2026-07-05 08:47:19,661 | INFO | ⏭️ Skip B09W5PSTBP (Already sent — in memory or file)
2026-07-05 08:47:19,664 | INFO | ⏭️ Skip B0G524ZZ58 (Already sent — in memory or file)
2026-07-05 08:47:19,674 | INFO | ⏭️ Skip B010FMJKFS (Already sent — in memory or file)
2026-07-05 08:47:19,696 | INFO | ⏭️ Skip B0CVV57Z47 (Already sent — in memory or file)
2026-07-05 08:47:19,699 | INFO | ⏭️ Skip B09XMV6125 (Already sent — in memory or file)
2026-07-05 08:47:19,707 | INFO | ⏭️ Skip B0CR3M2865 (Already sent — in memory or file)
2026-07-05 08:47:19,714 | INFO | ⏭️ Skip B0D9GZ53WC (Already sent — in memory or file)
2026-07-05 08:47:19,729 | INFO | ⏭️ Skip B00ICCYF0E (Already sent — in memory or file)
2026-07-05 08:47:19,731 | INFO | ⏭️ Skip B0FVY942L7 (Already sent — in memory or file)
2026-07-05 08:47:19,741 | INFO | ⏭️ Skip B0CHJ2Y7GD (Already sent — in memory or file)
2026-07-05 08:47:19,746 | INFO | ⏭️ Skip B0D4DZ7WL2 (Already sent — in memory or file)
2026-07-05 08:47:19,748 | INFO | ⏭️ Skip B0DNBHD29T (Already sent — in memory or file)
2026-07-05 08:47:19,760 | INFO | ⏭️ Skip B076CMJXML (Already sent — in memory or file)
2026-07-05 08:47:19,763 | INFO | ⏭️ Skip B09J16DV5F (Already sent — in memory or file)
2026-07-05 08:47:19,783 | INFO | ⏭️ Skip B0FRY6CQJM (Already sent — in memory or file)
2026-07-05 08:47:19,793 | INFO | ⏭️ Skip B0CFV8TZ7G (Already sent — in memory or file)
2026-07-05 08:47:19,796 | INFO | ⏭️ Skip B0CVXR2T43 (Already sent — in memory or file)
2026-07-05 08:47:19,810 | INFO | ⏭️ Skip B06Y2FG6R7 (Already sent — in memory or file)
2026-07-05 08:47:19,813 | INFO | ⏭️ Skip B0DMNQGRDW (Already sent — in memory or file)
2026-07-05 08:47:19,825 | INFO | ⏭️ Skip B076DC73XF (Already sent — in memory or file)
2026-07-05 08:47:19,827 | INFO | ⏭️ Skip B0838J1799 (Already sent — in memory or file)
2026-07-05 08:47:19,830 | INFO | ⏭️ Skip B0CH6BF15Z (Already sent — in memory or file)
2026-07-05 08:47:19,842 | INFO | ⏭️ Skip B0DB269JKH (Already sent — in memory or file)
2026-07-05 08:47:19,844 | INFO | 📦 Processing from queue: B0CV48C7S3
2026-07-05 08:47:27,947 | WARNING | 📸 No image found for ASIN B0CV48C7S3
2026-07-05 08:47:27,984 | INFO | 📊 B0CV48C7S3 | ₹189.00 (MRP ₹999) | 81% OFF | Portronics Konnect X 60W Type 
2026-07-05 08:47:28,042 | INFO | ✅ Deal qualifies! Price: ₹189.0 (max: ₹5000.0), Discount: 81% (min: 30.0%)
2026-07-05 08:47:28,143 | INFO | 📡 TG Request via Direct...
2026-07-05 08:47:29,430 | INFO | ✅ Posted: B0CV48C7S3 (₹189.00)
2026-07-05 08:47:29,468 | INFO | 🎉 DEAL POSTED SUCCESSFULLY to Telegram: B0CV48C7S3
2026-07-05 08:47:30,969 | INFO | ✅ Successfully posted B0CV48C7S3 (₹189.00, 81% OFF).
2026-07-05 08:47:31,010 | INFO | 🕒 Scrape interval met (1500 sec). Starting cycle...
2026-07-05 08:47:31,020 | INFO | 🔍 Scraper Cycle Start...
2026-07-05 08:47:31,021 | INFO | 🔎 Trying scraper strategy: Stealth
2026-07-05 08:47:40,647 | INFO | ✅ Found 30 new ASINs via [Stealth] in category home-improvement
2026-07-05 08:47:47,724 | INFO | ✅ Found 30 new ASINs via [Stealth] in category electronics
2026-07-05 08:47:50,254 | INFO | 💾 Remote history synced (+935 remote, 1132 total)
2026-07-05 08:47:50,297 | INFO | 🎯 Found 22 candidate deals. Adding to queue.
2026-07-05 08:47:50,329 | INFO | 🕒 Next scrape in 1500 seconds.
2026-07-05 09:25:14,192 | INFO | 🖥️ Headless Mode | Environment: Local
2026-07-05 09:25:14,275 | WARNING | ⚠️ Using ephemeral storage. Deals WILL repeat after Render restart.
2026-07-05 09:25:14,292 | WARNING | 💡 Tip: Attach a Persistent Disk to /data in Render for a permanent fix.
2026-07-05 09:25:14,335 | INFO | 🖥️ Headless Mode Start. Version: v34
2026-07-05 09:25:14,339 | INFO | 🏠 Local environment detected. Using direct connections (Ghost Protocol disabled).
2026-07-05 09:25:14,340 | INFO | 🌐 Starting Health Check Server on port 10000
2026-07-05 09:25:14,507 | INFO | [31m[1mWARNING: This is a development server. Do not use it in a production deployment. Use a production WSGI server instead.[0m
 * Running on all addresses (0.0.0.0)
 * Running on http://127.0.0.1:10000
 * Running on http://192.168.0.107:10000
2026-07-05 09:25:14,512 | INFO | [33mPress CTRL+C to quit[0m
2026-07-05 09:25:16,252 | INFO | 📡 DNS resolution looks normal.
2026-07-05 09:25:26,256 | INFO | 🚀 Resilience v34 Ultra Boots | Environment: Local
2026-07-05 09:25:26,257 | INFO | ⚙️ Configuration: Scrape every 10 sec | Post every 50 sec (0 min)
2026-07-05 09:25:26,259 | INFO | 💰 Filters: Max Price ₹5000 | Min Discount 30%
2026-07-05 09:25:26,273 | INFO | 🛠️ Verifying Connection...
2026-07-05 09:25:26,312 | INFO | 📡 TG Request via Direct...
2026-07-05 09:25:42,189 | INFO | ✅ Connection OK → @asd3dfghhb_bot
2026-07-05 09:25:42,193 | INFO | 📤 POST INTERVAL MET! Ready to post a deal. Queue has 61 items.
2026-07-05 09:25:47,361 | INFO | 💾 Remote history synced (+935 remote, 1132 total)
2026-07-05 09:25:47,367 | INFO | ⏭️ Skip B0D96HMLYX (Already sent — in memory or file)
2026-07-05 09:25:47,372 | INFO | 📦 Processing from queue: B0FD817WFP
2026-07-05 09:26:01,853 | WARNING | 📸 No image found for ASIN B0FD817WFP
2026-07-05 09:26:01,853 | INFO | 📊 B0FD817WFP | ₹7199.00 (MRP ₹39999) | 82% OFF | Lifelong Fit Pro Treadmill 3 H
2026-07-05 09:26:01,854 | INFO | ⏭️ Skip B0FD817WFP (₹7199.00 > ₹5000.0). Cooling down before retry.
2026-07-05 09:26:03,860 | INFO | 📦 Processing from queue: B0G81V3VY4
2026-07-05 09:26:07,965 | WARNING | 📸 No image found for ASIN B0G81V3VY4
2026-07-05 09:26:07,967 | INFO | 📊 B0G81V3VY4 | ₹11499 (MRP ₹14999) | 23% OFF | Samsung Galaxy M06 5G Mobile (
2026-07-05 09:26:07,968 | INFO | ⏭️ Skip B0G81V3VY4 (₹11499 > ₹5000.0). Cooling down before retry.
2026-07-05 09:26:10,002 | INFO | ⏭️ Skip B0D9S87H53 (Already sent — in memory or file)
2026-07-05 09:26:10,005 | INFO | ⏭️ Skip B0CR7N9MD9 (Already sent — in memory or file)
2026-07-05 09:26:10,007 | INFO | ⏭️ Skip B08TV2P1N8 (Already sent — in memory or file)
2026-07-05 09:26:10,024 | INFO | 📦 Processing from queue: B0FVFJHZBP
2026-07-05 09:26:14,116 | WARNING | 📸 No image found for ASIN B0FVFJHZBP
2026-07-05 09:26:14,118 | INFO | 📊 B0FVFJHZBP | ₹349 (MRP ₹450) | 22% OFF | YATWIN Silicone Case for iPhon
2026-07-05 09:26:14,119 | INFO | ⏭️ Skip B0FVFJHZBP (22% < 30.0% OFF). Cooling down before retry.
2026-07-05 09:26:16,526 | INFO | ⏭️ Skip B0FMDL81GS (Already sent — in memory or file)
2026-07-05 09:26:16,528 | INFO | ⏭️ Skip B0CP2G5L89 (Already sent — in memory or file)
2026-07-05 09:26:16,531 | INFO | ⏭️ Skip B0FN89KT94 (Already sent — in memory or file)
2026-07-05 09:26:16,550 | INFO | ⏭️ Skip B0D2R2MXXJ (Already sent — in memory or file)
2026-07-05 09:26:16,552 | INFO | ⏭️ Skip B09GP6FBZT (Already sent — in memory or file)
2026-07-05 09:26:16,555 | INFO | 📦 Processing from queue: B0H3P2SY6K
2026-07-05 09:26:19,672 | INFO | 📸 Final image_url: https://m.media-amazon.com/images/I/61aSYcQjrWL.jpg
2026-07-05 09:26:19,673 | INFO | 📊 B0H3P2SY6K | ₹? (MRP ₹?) | DEAL OFF | MIKANIX Waterproof Hooded Rain
2026-07-05 09:26:19,675 | WARNING | ⚠️ No price for B0H3P2SY6K. Requeueing for another try (1/2).
2026-07-05 09:26:19,676 | INFO | 📦 Processing from queue: B0G4MZ85QG
2026-07-05 09:26:24,956 | WARNING | 📸 No image found for ASIN B0G4MZ85QG
2026-07-05 09:26:25,007 | INFO | 📊 B0G4MZ85QG | ₹198.00 (MRP ₹1999) | 90% OFF | Kratos Selfie Stick with Tripo
2026-07-05 09:26:25,011 | INFO | ✅ Deal qualifies! Price: ₹198.0 (max: ₹5000.0), Discount: 90% (min: 30.0% OFF)
2026-07-05 09:26:25,014 | INFO | 📡 TG Request via Direct...
2026-07-05 09:26:26,112 | INFO | ✅ Posted: B0G4MZ85QG (₹198.00)
2026-07-05 09:26:26,115 | INFO | 🎉 DEAL POSTED SUCCESSFULLY to Telegram: B0G4MZ85QG
2026-07-05 09:26:27,020 | INFO | ✅ Successfully posted B0G4MZ85QG (₹198.00, 90% OFF).
2026-07-05 09:26:27,075 | INFO | 🕒 Scrape interval met (10 sec). Starting cycle...
2026-07-05 09:26:27,080 | INFO | 🔍 Scraper Cycle Start...
2026-07-05 09:26:27,082 | INFO | 🔎 Trying scraper strategy: Stealth
2026-07-05 09:26:31,317 | INFO | ✅ Found 30 new ASINs via [Stealth] in category automotive
2026-07-05 09:26:32,185 | INFO | ✅ Found 30 new ASINs via [Stealth] in category musical-instruments
2026-07-05 09:26:39,348 | INFO | ✅ Found 30 new ASINs via [Stealth] in category electronics
2026-07-05 09:26:42,793 | INFO | ✅ Found 30 new ASINs via [Stealth] in category sports
2026-07-05 09:26:43,847 | INFO | ✅ Found 30 new ASINs via [Stealth] in category home-improvement
2026-07-05 09:26:46,131 | INFO | ✅ Found 29 new ASINs via [Stealth] in category computers
2026-07-05 09:26:47,838 | INFO | 💾 Remote history synced (+935 remote, 1133 total)
2026-07-05 09:26:47,902 | INFO | 🎯 Found 25 candidate deals. Adding to queue.
2026-07-05 09:26:47,958 | INFO | 🕒 Next scrape in 10 seconds.
2026-07-05 09:26:53,016 | INFO | ⏳ Waiting for post interval... (24 seconds remaining, next post in 0 min)
2026-07-05 09:26:53,046 | INFO | 📭 Queue pending. Next scrape in 4 seconds.
2026-07-05 09:26:58,117 | INFO | ⏳ Waiting for post interval... (18 seconds remaining, next post in 0 min)
2026-07-05 09:26:58,138 | INFO | 🕒 Scrape interval met (10 sec). Starting cycle...
2026-07-05 09:26:58,193 | INFO | 🔍 Scraper Cycle Start...
2026-07-05 09:26:58,236 | INFO | 🔎 Trying scraper strategy: Stealth
2026-07-05 09:27:09,713 | INFO | ✅ Found 30 new ASINs via [Stealth] in category kitchen
2026-07-05 09:27:17,164 | INFO | 💾 Remote history synced (+935 remote, 1133 total)
2026-07-05 09:27:17,168 | INFO | 🎯 Found 9 candidate deals. Adding to queue.
2026-07-05 09:27:17,214 | INFO | 🕒 Next scrape in 10 seconds.
2026-07-05 09:27:22,343 | INFO | 📤 POST INTERVAL MET! Ready to post a deal. Queue has 82 items.
2026-07-05 09:27:22,616 | INFO | 💾 Remote history synced (+935 remote, 1133 total)
2026-07-05 09:27:22,627 | INFO | ⏭️ Skip B09R24HMNW (Already sent — in memory or file)
2026-07-05 09:27:22,629 | INFO | 📦 Processing from queue: B0FH6M9PFJ
2026-07-05 09:27:27,276 | WARNING | 📸 No image found for ASIN B0FH6M9PFJ
2026-07-05 09:27:27,277 | INFO | 📊 B0FH6M9PFJ | ₹499 (MRP ₹999) | 50% OFF | TheGiftKart Crystal Clear Back
2026-07-05 09:27:27,277 | INFO | ✅ Deal qualifies! Price: ₹499.0 (max: ₹5000.0), Discount: 50% (min: 30.0% OFF)
2026-07-05 09:27:27,278 | INFO | 📡 TG Request via Direct...
2026-07-05 09:27:28,205 | INFO | ✅ Posted: B0FH6M9PFJ (₹499)
2026-07-05 09:27:28,208 | INFO | 🎉 DEAL POSTED SUCCESSFULLY to Telegram: B0FH6M9PFJ
2026-07-05 09:27:28,786 | INFO | ✅ Successfully posted B0FH6M9PFJ (₹499, 50% OFF).
2026-07-05 09:27:28,909 | INFO | 🕒 Scrape interval met (10 sec). Starting cycle...
2026-07-05 09:27:29,010 | INFO | 🔍 Scraper Cycle Start...
2026-07-05 09:27:29,058 | INFO | 🔎 Trying scraper strategy: Stealth
2026-07-05 09:27:30,278 | INFO | ✅ Found 30 new ASINs via [Stealth] in category home-improvement
2026-07-05 09:27:43,026 | INFO | ✅ Found 30 new ASINs via [Stealth] in category musical-instruments
2026-07-05 09:27:46,980 | INFO | 💾 Remote history synced (+935 remote, 1134 total)
2026-07-05 09:27:46,989 | INFO | No new deals found. Scraped 60 unique ASINs (43 posted before, 0 in reject cooldown, 17 already queued).
2026-07-05 09:27:46,998 | INFO | 🕒 Next scrape in 10 seconds.
2026-07-05 09:27:52,179 | INFO | ⏳ Waiting for post interval... (26 seconds remaining, next post in 0 min)
2026-07-05 09:27:52,181 | INFO | 📭 Queue pending. Next scrape in 4 seconds.
2026-07-05 09:27:57,185 | INFO | ⏳ Waiting for post interval... (21 seconds remaining, next post in 0 min)
2026-07-05 09:27:57,189 | INFO | 🕒 Scrape interval met (10 sec). Starting cycle...
2026-07-05 09:27:57,291 | INFO | 🔍 Scraper Cycle Start...
2026-07-05 09:27:57,348 | INFO | 🔎 Trying scraper strategy: Stealth
2026-07-05 09:28:12,892 | INFO | 🔎 Trying scraper strategy: Tunnel
2026-07-05 09:28:14,844 | INFO | ✅ Found 30 new ASINs via [Tunnel] in category home-improvement
2026-07-05 10:23:32,460 | INFO | 🖥️ Headless Mode | Environment: Local
2026-07-05 10:23:32,639 | WARNING | ⚠️ Using ephemeral storage. Deals WILL repeat after Render restart.
2026-07-05 10:23:32,653 | WARNING | 💡 Tip: Attach a Persistent Disk to /data in Render for a permanent fix.
2026-07-05 10:24:28,794 | INFO | 🖥️ Headless Mode | Environment: Local
2026-07-05 10:24:28,797 | WARNING | ⚠️ Using ephemeral storage. Deals WILL repeat after Render restart.
2026-07-05 10:24:28,798 | WARNING | 💡 Tip: Attach a Persistent Disk to /data in Render for a permanent fix.
2026-07-05 10:45:44,218 | INFO | 🖥️ Headless Mode | Environment: Local
2026-07-05 10:45:44,222 | WARNING | ⚠️ Using ephemeral storage. Deals WILL repeat after Render restart.
2026-07-05 10:45:44,222 | WARNING | 💡 Tip: Attach a Persistent Disk to /data in Render for a permanent fix.
2026-07-05 10:45:44,245 | INFO | 🧵 Starting bot worker thread for production/runtime startup...
2026-07-05 10:45:44,250 | INFO | 🏠 Local environment detected. Using direct connections (Ghost Protocol disabled).
2026-07-05 10:45:44,306 | INFO | 📡 DNS resolution looks normal.
2026-07-05 10:45:44,730 | INFO | 🖥️ Headless Mode Start. Version: v34
2026-07-05 10:45:44,730 | INFO | 🛣️ Production server is expected to run via Gunicorn/Uvicorn; keeping the process alive.
2026-07-05 10:45:54,309 | INFO | 🚀 Resilience v34 Ultra Boots | Environment: Local
2026-07-05 10:45:54,310 | INFO | ⚙️ Configuration: Scrape every 60 sec | Post every 90 sec (1 min)
2026-07-05 10:45:54,311 | INFO | 💰 Filters: Max Price ₹5000 | Min Discount 30%
2026-07-05 10:45:54,312 | INFO | 🛠️ Verifying Connection...
2026-07-05 10:45:54,313 | INFO | 📡 TG Request via Bridge...
2026-07-05 10:45:55,882 | INFO | ✅ Connection OK → @asd3dfghhb_bot
2026-07-05 10:45:55,888 | INFO | 📤 POST INTERVAL MET! Ready to post a deal. Queue has 80 items.
2026-07-05 10:45:56,503 | INFO | 💾 Remote history synced (+935 remote, 1134 total)
2026-07-05 10:45:56,510 | INFO | 📦 Processing from queue: B07GJYD673
2026-07-05 10:46:01,554 | WARNING | 📸 No image found for ASIN B07GJYD673
2026-07-05 10:46:01,555 | INFO | 📊 B07GJYD673 | ₹449.00 (MRP ₹1700) | 74% OFF | Amazon Brand - Solimo Neoprene
2026-07-05 10:46:01,556 | INFO | ✅ Deal qualifies! Price: ₹449.0 (max: ₹5000.0), Discount: 74% (min: 30.0% OFF)
2026-07-05 10:46:01,556 | INFO | 📡 TG Request via Bridge...
2026-07-05 10:46:03,762 | INFO | ✅ Posted: B07GJYD673 (₹449.00)
2026-07-05 10:46:03,781 | INFO | 🎉 DEAL POSTED SUCCESSFULLY to Telegram: B07GJYD673
2026-07-05 10:46:04,888 | INFO | ✅ Successfully posted B07GJYD673 (₹449.00, 74% OFF).
2026-07-05 10:46:05,021 | INFO | 🕒 Scrape interval met (60 sec). Starting cycle...
2026-07-05 10:46:05,076 | INFO | 🔍 Scraper Cycle Start...
2026-07-05 10:46:05,108 | INFO | 🔎 Trying scraper strategy: Stealth
2026-07-05 10:46:08,528 | INFO | ✅ Found 30 new ASINs via [Stealth] in category musical-instruments
2026-07-05 10:46:14,876 | INFO | ✅ Found 30 new ASINs via [Stealth] in category kitchen
2026-07-05 10:46:21,545 | INFO | ✅ Found 30 new ASINs via [Stealth] in category automotive
2026-07-05 10:46:23,089 | INFO | 💾 Remote history synced (+935 remote, 1135 total)
2026-07-05 10:46:23,096 | INFO | 🎯 Found 8 candidate deals. Adding to queue.
2026-07-05 10:46:23,176 | INFO | 🕒 Next scrape in 60 seconds.
2026-07-06 16:39:37,884 | INFO | 🖥️ Headless Mode | Environment: Local
2026-07-06 16:39:37,902 | WARNING | ⚠️ Using ephemeral storage. Deals WILL repeat after Render restart.
2026-07-06 16:39:37,902 | WARNING | 💡 Tip: Attach a Persistent Disk to /data in Render for a permanent fix.
2026-07-06 16:39:37,930 | INFO | 🧵 Starting bot worker thread for production/runtime startup...
2026-07-06 16:39:37,931 | INFO | 🏠 Local environment detected. Using direct connections (Ghost Protocol disabled).
2026-07-06 16:39:38,068 | INFO | 📡 DNS resolution looks normal.
2026-07-06 16:39:38,945 | WARNING | 📸 No image found for ASIN B0HTML1234
2026-07-06 16:39:38,945 | INFO | 📊 B0HTML1234 | ₹299 (MRP ₹999) | 70% OFF | USB Cable
2026-07-06 16:40:10,073 | INFO | 🖥️ Headless Mode | Environment: Local
2026-07-06 16:40:10,074 | WARNING | ⚠️ Using ephemeral storage. Deals WILL repeat after Render restart.
2026-07-06 16:40:10,074 | WARNING | 💡 Tip: Attach a Persistent Disk to /data in Render for a permanent fix.
2026-07-06 16:40:10,100 | INFO | 🧵 Starting bot worker thread for production/runtime startup...
2026-07-06 16:40:10,107 | INFO | 🏠 Local environment detected. Using direct connections (Ghost Protocol disabled).
2026-07-06 16:40:10,190 | INFO | 📡 DNS resolution looks normal.
2026-07-06 16:40:10,718 | WARNING | 📸 No image found for ASIN B0HTML1234
2026-07-06 16:40:10,718 | INFO | 📊 B0HTML1234 | ₹299 (MRP ₹999) | 70% OFF | USB Cable
2026-07-06 16:41:25,450 | INFO | 🖥️ Headless Mode | Environment: Local
2026-07-06 16:41:25,452 | WARNING | ⚠️ Using ephemeral storage. Deals WILL repeat after Render restart.
2026-07-06 16:41:25,452 | WARNING | 💡 Tip: Attach a Persistent Disk to /data in Render for a permanent fix.
2026-07-06 16:41:25,478 | INFO | 🧵 Starting bot worker thread for production/runtime startup...
2026-07-06 16:41:25,481 | INFO | 🏠 Local environment detected. Using direct connections (Ghost Protocol disabled).
2026-07-06 16:41:25,514 | INFO | 📡 DNS resolution looks normal.
2026-07-06 16:41:26,206 | WARNING | 📸 No image found for ASIN B0HTML1234
2026-07-06 16:41:26,207 | INFO | 📊 B0HTML1234 | ₹299 (MRP ₹999) | 70% OFF | USB Cable
2026-07-06 16:57:13,763 | INFO | 🖥️ Headless Mode | Environment: Local
2026-07-06 16:57:13,765 | WARNING | ⚠️ Using ephemeral storage. Deals WILL repeat after Render restart.
2026-07-06 16:57:13,767 | WARNING | 💡 Tip: Attach a Persistent Disk to /data in Render for a permanent fix.
2026-07-06 16:57:13,795 | INFO | 🧵 Starting bot worker thread for production/runtime startup...
2026-07-06 16:57:13,797 | INFO | 🏠 Local environment detected. Using direct connections (Ghost Protocol disabled).
2026-07-06 16:57:13,822 | INFO | 📡 DNS resolution looks normal.
2026-07-06 16:57:14,724 | WARNING | 📸 No image found for ASIN B0HTML1234
2026-07-06 16:57:14,724 | INFO | 📊 B0HTML1234 | ₹299 (MRP ₹999) | 70% OFF | USB Cable
2026-07-06 17:14:35,506 | INFO | 🖥️ Headless Mode | Environment: Local
2026-07-06 17:14:35,511 | WARNING | ⚠️ Using ephemeral storage. Deals WILL repeat after Render restart.
2026-07-06 17:14:35,511 | WARNING | 💡 Tip: Attach a Persistent Disk to /data in Render for a permanent fix.
2026-07-06 17:14:35,539 | INFO | 🧵 Starting bot worker thread for production/runtime startup...
2026-07-06 17:14:35,540 | INFO | 🏠 Local environment detected. Using direct connections (Ghost Protocol disabled).
2026-07-06 17:14:35,597 | INFO | 📡 DNS resolution looks normal.
2026-07-06 17:14:36,383 | WARNING | 📸 No image found for ASIN B0HTML1234
2026-07-06 17:14:36,383 | INFO | 📊 B0HTML1234 | ₹299 (MRP ₹999) | 70% OFF | USB Cable
2026-09-11 19:28:40,847 | INFO | 🖥️ Headless Mode | Environment: Local
2026-09-11 19:28:40,965 | WARNING | ⚠️ Using ephemeral storage. Deals WILL repeat after Render restart.
2026-09-11 19:28:41,218 | WARNING | 💡 Tip: Attach a Persistent Disk to /data in Render for a permanent fix.
2026-09-11 19:28:42,842 | INFO | 🧵 Starting bot worker thread for production/runtime startup...
2026-09-11 19:28:43,074 | INFO | 🏠 Local environment detected. Using direct connections (Ghost Protocol disabled).
2026-09-11 19:28:45,161 | INFO | 📡 DNS resolution looks normal.
2026-09-11 19:28:54,320 | INFO | 🖥️ Headless Mode Start. Version: v34
2026-09-11 19:28:54,321 | INFO | 🛣️ Production server is expected to run via Gunicorn/Uvicorn; keeping the process alive.
2026-09-11 19:28:55,175 | INFO | 🚀 Resilience v34 Ultra Boots | Environment: Local
2026-09-11 19:28:55,180 | INFO | ⚙️ Configuration: Scrape every 1500 sec | Post every 1800 sec (30 min)
2026-09-11 19:28:55,182 | INFO | 💰 Filters: Max Price ₹5000 | Min Discount 30%
2026-09-11 19:28:55,182 | INFO | 🛠️ Verifying Connection...
2026-09-11 19:28:55,183 | INFO | 📡 TG Request via Bridge...
2026-09-11 19:29:00,103 | INFO | ✅ Connection OK → @asd3dfghhb_bot
2026-09-11 19:29:00,208 | INFO | 📤 POST INTERVAL MET! Ready to post a deal. Queue has 87 items.
2026-09-11 19:29:01,708 | INFO | 💾 Remote history synced (+939 remote, 1139 total)
2026-09-11 19:29:01,760 | INFO | 📦 Processing from queue: B0G81P4MPG
2026-09-11 19:29:16,928 | WARNING | 📸 No image found for ASIN B0G81P4MPG
2026-09-11 19:29:16,943 | INFO | 📊 B0G81P4MPG | ₹22999 (MRP ₹23999) | 4% OFF | Samsung Galaxy M17 5G Mobile (
2026-09-11 19:29:17,021 | INFO | ⏭️ Skip B0G81P4MPG (₹22999 > ₹5000.0). Cooling down before retry.
2026-09-11 19:29:21,822 | INFO | ⏭️ Skip B0DH3J6LB9 (Already sent — in memory or file)
2026-09-11 19:29:21,872 | INFO | ⏭️ Skip B0C55G2YCC (Already sent — in memory or file)
2026-09-11 19:29:22,017 | INFO | ⏭️ Skip B09W5LHL7G (Already sent — in memory or file)
2026-09-11 19:29:22,194 | INFO | ⏭️ Skip B08C7S9RNY (Already sent — in memory or file)
2026-09-11 19:29:22,911 | INFO | ⏭️ Skip B0DCNWN8NZ (Already sent — in memory or file)
2026-09-11 19:29:22,945 | INFO | ⏭️ Skip B0BR3LQ4TT (Already sent — in memory or file)
2026-09-11 19:29:23,001 | INFO | ⏭️ Skip B0DDHM6D3L (Already sent — in memory or file)
2026-09-11 19:29:23,052 | INFO | ⏭️ Skip B0FC2Y3XGV (Already sent — in memory or file)
2026-09-11 19:29:23,154 | INFO | ⏭️ Skip B0B75B9M2D (Already sent — in memory or file)
2026-09-11 19:29:23,206 | INFO | 📦 Processing from queue: B0GVYDLJJQ
2026-09-11 19:29:34,991 | INFO | 📸 Final image_url: https://m.media-amazon.com/images/I/61T18EfkX0L.jpg
2026-09-11 19:29:34,991 | INFO | 📊 B0GVYDLJJQ | ₹30999 (MRP ₹33999) | 9% OFF | OnePlus Nord CE6 Lite | 8GB+12
2026-09-11 19:29:34,992 | INFO | ⏭️ Skip B0GVYDLJJQ (₹30999 > ₹5000.0). Cooling down before retry.
2026-09-11 19:29:39,079 | INFO | ⏭️ Skip B098JV1SNN (Already sent — in memory or file)
2026-09-11 19:29:39,107 | INFO | ⏭️ Skip B0FM38916Y (Already sent — in memory or file)
2026-09-11 19:29:39,123 | INFO | 📦 Processing from queue: B0CKW4XKPC
2026-09-11 19:29:47,479 | WARNING | 📸 No image found for ASIN B0CKW4XKPC
2026-09-11 19:29:47,479 | INFO | 📊 B0CKW4XKPC | ₹494 (MRP ₹555) | 11% OFF | EVEREADY SEARCHLITE DL95, Kiss
2026-09-11 19:29:47,558 | INFO | ⏭️ Skip B0CKW4XKPC (11% < 30.0% OFF). Cooling down before retry.
2026-09-11 19:29:51,744 | INFO | ⏭️ Skip B0C5RK3X6F (Already sent — in memory or file)
2026-09-11 19:29:51,892 | INFO | ⏭️ Skip B08NDNFGTP (Already sent — in memory or file)
2026-09-11 19:29:51,978 | INFO | 📦 Processing from queue: B0GN1GWMBD
2026-09-11 19:30:06,855 | INFO | 📸 Final image_url: https://m.media-amazon.com/images/I/711NP4juOiL.jpg
2026-09-11 19:30:06,858 | INFO | 📊 B0GN1GWMBD | ₹18499 (MRP ₹?) | DEAL OFF | Samsung Galaxy M17e 5G Mobile 
2026-09-11 19:30:06,912 | INFO | ⏭️ Skip B0GN1GWMBD (₹18499 > ₹5000.0). Cooling down before retry.
2026-09-11 19:30:11,044 | INFO | ⏭️ Skip B0DCZ3WDTB (Already sent — in memory or file)
2026-09-11 19:30:11,095 | INFO | ⏭️ Skip B008FWZGSG (Already sent — in memory or file)
2026-09-11 19:30:11,209 | INFO | ⏭️ Skip B0D9VVQD2S (Already sent — in memory or file)
2026-09-11 19:30:11,366 | INFO | ⏭️ Skip B0FBRGKXHG (Already sent — in memory or file)
2026-09-11 19:30:11,487 | INFO | ⏭️ Skip B08LHTJTBB (Already sent — in memory or file)
2026-09-11 19:30:11,592 | INFO | 📦 Processing from queue: B0F676QSX4
2026-09-11 19:30:25,178 | WARNING | 📸 No image found for ASIN B0F676QSX4
2026-09-11 19:30:25,184 | INFO | 📊 B0F676QSX4 | ₹429 (MRP ₹699) | 39% OFF | Robustt 4‑Outlet Extension Boa
2026-09-11 19:30:25,197 | INFO | ✅ Deal qualifies! Price: ₹429.0 (max: ₹5000.0), Discount: 39% (min: 30.0% OFF)
2026-09-11 19:30:25,212 | INFO | 📡 TG Request via Bridge...
2026-09-11 19:30:27,186 | INFO | ✅ Posted: B0F676QSX4 (₹429)
2026-09-11 19:30:27,192 | INFO | 🎉 DEAL POSTED SUCCESSFULLY to Telegram: B0F676QSX4
2026-09-11 19:30:28,268 | INFO | ✅ Successfully posted B0F676QSX4 (₹429, 39% OFF).
2026-09-11 19:30:28,650 | INFO | 🕒 Scrape interval met (1500 sec). Starting cycle...
2026-09-11 19:30:28,662 | INFO | 🔍 Scraper Cycle Start...
2026-09-11 19:30:28,664 | INFO | 🔎 Trying scraper strategy: Stealth
2026-09-11 19:31:00,208 | INFO | 🔎 Trying scraper strategy: Tunnel
2026-09-11 19:31:30,967 | INFO | ✅ Found 30 new ASINs via [Tunnel] in category home-improvement
2026-09-11 19:32:15,026 | INFO | ✅ Found 30 new ASINs via [Tunnel] in category musical-instruments
2026-09-11 19:32:44,171 | INFO | ✅ Found 30 new ASINs via [Tunnel] in category automotive
2026-09-11 19:33:05,396 | INFO | ✅ Found 30 new ASINs via [Tunnel] in category sports
2026-09-11 19:33:38,902 | INFO | ✅ Found 30 new ASINs via [Tunnel] in category electronics
2026-09-11 19:34:10,420 | INFO | ✅ Found 26 new ASINs via [Tunnel] in category computers
2026-09-11 19:34:40,216 | INFO | ✅ Found 29 new ASINs via [Tunnel] in category kitchen
2026-09-11 19:34:42,683 | INFO | 💾 Remote history synced (+939 remote, 1140 total)
2026-09-11 19:34:42,840 | INFO | 🎯 Found 41 candidate deals. Adding to queue.
2026-09-11 19:34:43,016 | INFO | 🕒 Next scrape in 1500 seconds.
